symbol,sector,entry_date,exit_date,exit_idx,entry_price,exit_price,pnl,pnl_pct,hold_days,outcome,drift_20d_pct,drift_60d_pct
MANAPPURAM,Banking & Finance,2016-09-30,2016-10-07,5,75.93263244628906,76.08449771118164,-1021.9868709716902,-0.6146272185040449,7,SL_HIT,6.84,-22.22
GNFC,"Agriculture, Fertilizers & Agro",2016-10-03,2016-10-10,6,142.9439239501953,143.2298117980957,-591.4621299641949,-0.4547217796240092,7,SL_HIT,10.36,35.9
ESCORTS,Automobiles & Auto Ancillaries,2016-10-03,2016-10-18,10,385.09014892578125,368.7173767089844,-4698.985626220703,-4.251672566143054,15,STALE_ROTATION,-23.23,-8.46
GNFC,"Agriculture, Fertilizers & Agro",2016-10-10,2016-10-24,14,142.6305389404297,219.4888458251953,47562.62707519531,50.71281070641523,14,T3_MOONBAG,-27.29,-6.3
MANAPPURAM,Banking & Finance,2016-10-18,2016-10-27,17,84.39723205566406,84.56602651977539,-974.6117116461224,-0.7268798748538666,9,SL_HIT,-28.54,-22.96
ESCORTS,Automobiles & Auto Ancillaries,2016-10-24,2016-10-28,18,376.61981201171875,361.52476555343316,-4438.509534293205,-2.463928461502254,4,SL_HIT,-16.15,-4.75
UNOMINDA,Automobiles & Auto Ancillaries,2016-10-07,2016-11-09,25,52.372589111328125,51.61450139862013,-2750.0531483519817,-2.941599940695024,33,SL_HIT,-4.67,19.83
UNOMINDA,Automobiles & Auto Ancillaries,2016-11-09,2016-11-11,27,58.45342254638672,58.57032939147949,644.4143647460895,0.35687354924459014,2,TRAILING_SL_HIT,-14.07,4.83
INDIANB,Banking & Finance,2016-11-11,2016-11-16,29,206.93914794921875,207.35302624511718,313.64997973633194,0.17337071512137792,5,TRAILING_SL_HIT,-4.22,21.15
INDIANB,Banking & Finance,2016-11-16,2016-11-22,33,200.82598876953125,201.22764074707032,161.46409497070806,0.20000000000000612,6,TRAILING_SL_HIT,-9.87,14.23
INDIANB,Banking & Finance,2016-11-22,2016-12-07,44,204.25430297851562,199.7520294189453,-3543.289291381836,-2.2042490630142964,15,STALE_ROTATION,-6.66,18.38
GNFC,"Agriculture, Fertilizers & Agro",2016-12-08,2016-12-20,53,165.74288940429688,166.07437518310547,-1067.6291126308902,-0.6214658268098557,12,SL_HIT,22.96,20.39
INDIANB,Banking & Finance,2016-12-07,2016-12-21,54,199.7520294189453,178.9519041672715,-15163.291308470214,-10.412973180887768,14,SL_HIT,14.67,24.66
HINDALCO,Metals & Mining,2016-12-08,2016-12-22,55,168.35244750976562,154.88452509528278,-11690.156655771107,-7.999837610737205,14,SL_HIT,6.82,20.28
KNRCON,Construction & Infrastructure,2016-12-29,2017-01-13,71,84.53226470947266,83.24922180175781,-1756.485740661621,-1.5178144252073569,15,STALE_ROTATION,3.73,15.06
GNFC,"Agriculture, Fertilizers & Agro",2016-12-22,2017-01-24,78,163.50999450683594,192.57249657537795,16364.09216075406,16.859576862075407,33,TRAILING_SL_HIT,9.28,21.48
RATNAMANI,Metals & Mining,2017-01-13,2017-01-30,81,431.6990661621094,421.8770751953125,-2877.8433532714844,-2.2751939340792027,17,STALE_ROTATION,1.84,18.91
SUBROS,Automobiles & Auto Ancillaries,2017-01-24,2017-01-31,82,173.12850952148438,173.47476654052736,-1652.1323367879295,-1.113208320134118,7,SL_HIT,10.17,30.43
VEDL,Metals & Mining,2017-01-31,2017-02-03,85,84.73725128173828,84.90672578430176,166.08501251220503,0.19999999999999757,3,TRAILING_SL_HIT,4.99,-5.64
NATIONALUM,Metals & Mining,2016-12-29,2017-02-09,89,35.95494842529297,39.52461190872665,8492.123112657648,8.694622213931318,42,TRAILING_SL_HIT,4.81,0.54
GNFC,"Agriculture, Fertilizers & Agro",2017-02-09,2017-02-13,91,206.52243041992188,206.93547528076172,-824.939605584568,-0.5785974560497713,4,SL_HIT,-1.68,15.49
TANLA,IT & Technology,2017-01-30,2017-02-14,92,55.25321578979492,50.165980017604774,-11685.38056872077,-9.207130661035196,15,SL_HIT,-3.24,-7.13
GNFC,"Agriculture, Fertilizers & Agro",2017-02-13,2017-02-23,99,207.81517028808594,208.2308006286621,-1363.2089461200267,-0.943934361932699,10,SL_HIT,-3.68,3.54
INDIANB,Banking & Finance,2017-02-14,2017-03-01,102,237.05062866210938,237.6702423095703,316.0029602050781,0.26138451982092453,15,STALE_ROTATION,-8.17,9.91
GNFC,"Agriculture, Fertilizers & Agro",2017-02-23,2017-03-02,103,206.13072204589844,206.54298348999023,-86.0062458496102,-0.046660780424783575,7,SL_HIT,8.89,11.35
SUBROS,Automobiles & Auto Ancillaries,2017-03-01,2017-03-03,104,191.1171417236328,191.4993760070801,163.97850759888095,0.20000000000000487,2,TRAILING_SL_HIT,10.69,28.72
VEDL,Metals & Mining,2017-02-03,2017-03-08,107,83.9504623413086,85.33150236313361,-10.26395484897671,-0.009810073563345624,33,SL_HIT,5.46,-3.74
GNFC,"Agriculture, Fertilizers & Agro",2017-03-02,2017-03-17,113,206.13072204589844,199.9412841796875,-3726.0415954589844,-3.0026760711742697,15,STALE_ROTATION,10.82,18.1
SUBROS,Automobiles & Auto Ancillaries,2017-03-03,2017-03-20,114,189.95030212402344,191.7491912841797,1172.875732421875,0.9470314814143908,17,STALE_ROTATION,18.03,31.59
JINDALSTEL,Metals & Mining,2017-03-17,2017-03-27,119,127.9100112915039,115.80309979061883,-11622.635040849673,-9.465178979066549,10,SL_HIT,-3.99,3.44
GSFC,"Agriculture, Fertilizers & Agro",2017-03-27,2017-04-06,126,100.5742416381836,100.77539012145996,-2064.0803722736077,-1.4449558142849384,10,SL_HIT,12.36,-2.28
VEDL,Metals & Mining,2017-03-08,2017-04-17,132,84.43592834472656,85.99692198043765,220.98458737286654,0.21370720233646265,40,TRAILING_SL_HIT,-0.86,8.22
SUNTV,Telecom & Media,2017-03-20,2017-04-21,136,589.355224609375,730.3333740234375,22586.732635874814,21.61590310388622,32,T3_MOONBAG,-9.81,-11.66
GNFC,"Agriculture, Fertilizers & Agro",2017-04-17,2017-04-25,138,224.26803588867188,224.71657196044922,-1332.173215249853,-0.9235047131854685,8,SL_HIT,-4.87,2.8
ESCORTS,Automobiles & Auto Ancillaries,2017-04-06,2017-05-10,148,501.5447082519531,600.1595458984375,18414.72616663114,17.703433848914518,34,T3_MOONBAG,18.65,6.82
GNFC,"Agriculture, Fertilizers & Agro",2017-04-25,2017-05-17,153,233.94384765625,234.4117353515625,-2364.9886642202737,-1.5615552026006203,22,SL_HIT,0.74,-12.28
VMART,Consumer Discretionary & Retail,2017-04-21,2017-05-19,155,226.83023071289062,234.6836688836534,2527.797507355248,2.335301107665185,28,TRAILING_SL_HIT,21.41,23.52
SUBROS,Automobiles & Auto Ancillaries,2017-05-10,2017-05-23,157,250.33380126953125,231.85204051098836,-10164.96841719859,-7.382846689026949,13,SL_HIT,7.78,-4.13
EMBDL,Real Estate,2017-05-17,2017-05-24,158,173.8000030517578,156.7714385986328,-13111.99462890625,-9.797792954039176,7,SL_HIT,35.77,46.42
SUNTECK,Real Estate,2017-05-19,2017-05-30,162,220.12173461914062,220.5619780883789,-1122.740081237792,-0.7312787591545298,11,SL_HIT,-0.22,12.55
EMBDL,Real Estate,2017-05-24,2017-06-22,179,159.8000030517578,189.21609006609236,17884.650276910692,16.656034335831848,29,TRAILING_SL_HIT,12.99,34.32
ESCORTS,Automobiles & Auto Ancillaries,2017-05-23,2017-06-23,180,563.72314453125,660.1882654967987,18182.11572538536,16.74628409395581,31,TRAILING_SL_HIT,-6.28,-3.43
BRIGADE,Real Estate,2017-05-30,2017-06-23,180,119.75878143310547,129.34893953297134,6026.2807303474065,5.285769056148148,24,TRAILING_SL_HIT,-0.42,-2.11
RUPA,Consumer Discretionary & Retail,2017-06-23,2017-07-10,190,462.0337219238281,452.47186279296875,-2964.1763305664062,-2.0695154221742635,17,STALE_ROTATION,-5.63,-13.1
VMART,Consumer Discretionary & Retail,2017-06-23,2017-07-18,196,283.86767578125,288.9291837706845,429.9286425198501,0.354699509418243,25,TRAILING_SL_HIT,1.91,23.75
VMART,Consumer Discretionary & Retail,2017-07-18,2017-07-24,200,292.1083679199219,292.6925846557617,-1361.6325165608832,-0.7376636010282851,6,SL_HIT,24.97,23.36
PCBL,Chemicals & Specialty,2017-07-10,2017-07-25,201,47.875030517578125,45.119407653808594,-9052.22110748291,-5.755866542492872,15,STALE_ROTATION,4.04,54.82
MASTEK,IT & Technology,2017-07-24,2017-08-04,209,292.7548828125,249.8479453388514,-21196.027111982414,-14.656267065963547,11,SL_HIT,6.95,24.22
PCBL,Chemicals & Specialty,2017-08-04,2017-08-08,211,49.00679397583008,49.10480756378174,192.6947139129682,0.2000000000000045,4,TRAILING_SL_HIT,22.03,54.94
VMART,Consumer Discretionary & Retail,2017-07-25,2017-08-09,212,293.5274353027344,287.7265930175781,-2859.8152465820312,-1.9762521616330193,15,STALE_ROTATION,22.56,21.48
EMBDL,Real Estate,2017-06-22,2017-08-10,213,192.0,236.3910745893206,24790.80979330014,20.5177618107188,49,TRAILING_SL_HIT,1.7,-6.34
PCBL,Chemicals & Specialty,2017-08-08,2017-08-10,213,48.423866271972656,44.87498532881814,-10689.2294007814,-7.328784783978677,2,SL_HIT,34.74,71.39
SUNTECK,Real Estate,2017-08-10,2017-08-11,214,237.4488067626953,214.66292868644945,-13420.882186908815,-9.596122375556055,1,SL_HIT,43.31,66.14
EMBDL,Real Estate,2017-08-10,2017-08-16,216,227.9499969482422,226.5,-1274.0481262207031,-0.6070348765501123,6,SL_HIT,11.59,-2.76
UNOMINDA,Automobiles & Auto Ancillaries,2017-08-09,2017-08-18,218,125.62511444091797,125.8763646697998,-1031.791056671151,-0.4726603492000608,9,SL_HIT,10.3,33.55
EMBDL,Real Estate,2017-08-16,2017-08-18,218,230.0,230.46,-1691.1599999999837,-0.8052107586167416,2,SL_HIT,4.88,-7.73
PCBL,Chemicals & Specialty,2017-08-14,2017-08-29,224,47.40565872192383,47.50047003936768,-2236.6664488143856,-1.0662662693128555,15,SL_HIT,28.34,56.01
KIOCL,Metals & Mining,2017-08-18,2017-09-01,227,73.66423034667969,117.04740905761719,64581.08283814486,55.3829181139142,14,T3_MOONBAG,30.49,265.51
SUNTECK,Real Estate,2017-09-01,2017-09-19,239,246.59632873535156,320.32196044921875,34821.192911783866,24.802316955071948,18,T3_MOONBAG,-0.97,25.35
EMBDL,Real Estate,2017-08-18,2017-09-22,242,229.5500030517578,230.00910305786132,-3644.3021315887945,-2.2320624122805635,35,SL_HIT,-8.98,-10.42
PCBL,Chemicals & Specialty,2017-08-30,2017-09-25,243,51.096221923828125,57.4906016288498,13558.087770129201,10.699334660265002,26,TRAILING_SL_HIT,19.79,24.23
UNOMINDA,Automobiles & Auto Ancillaries,2017-09-19,2017-09-25,243,139.8256378173828,132.76722002304996,-9761.791809562337,-5.0480140155351165,6,SL_HIT,-0.93,58.57
AHLUCONT,Construction & Infrastructure,2017-10-04,2017-10-19,260,300.0358581542969,285.0490417480469,-9666.49658203125,-4.995008429473406,15,STALE_ROTATION,17.55,37.12
KIOCL,Metals & Mining,2017-10-04,2017-10-23,261,161.93966674804688,271.2802429199219,106431.39925454343,64.77621987118113,19,T3_MOONBAG,63.33,25.07
KEI,Construction & Infrastructure,2017-09-22,2017-10-24,262,311.3184509277344,311.94108782958983,-10922.96314538575,-4.625543449011231,32,SL_HIT,4.9,25.22
VMART,Consumer Discretionary & Retail,2017-10-19,2017-11-03,270,361.0676574707031,351.88519287109375,-4848.34130859375,-2.5431423750144213,15,STALE_ROTATION,-3.53,9.48
GUJALKALI,Chemicals & Specialty,2017-10-23,2017-11-09,274,581.5343017578125,598.8750602962039,1433.931601164174,0.7198841620298009,17,TRAILING_SL_HIT,3.74,5.95
PCBL,Chemicals & Specialty,2017-10-24,2017-11-15,278,68.8676528930664,70.79184581947935,-1247.3216203627235,-0.6744022941386121,22,SL_HIT,2.25,18.48
UNOMINDA,Automobiles & Auto Ancillaries,2017-11-03,2017-11-21,282,147.4973907470703,184.00929260253906,43216.184571578466,22.909886552928747,18,T3_MOONBAG,8.49,-3.32
KIOCL,Metals & Mining,2017-11-21,2017-12-06,293,420.9853515625,369.14321097549606,-33386.33853803053,-12.31447612003369,15,SL_HIT,-0.45,-30.16
RADICO,FMCG & Consumer Staples,2017-12-08,2017-12-26,306,280.9702453613281,283.4584655761719,2224.4688720703125,0.8855813937322422,18,STALE_ROTATION,42.07,18.98
AHLUCONT,Construction & Infrastructure,2017-11-16,2018-01-22,324,325.4786682128906,363.9558599225261,18653.86180946486,9.46070704671002,67,TRAILING_SL_HIT,-2.27,15.28
RADICO,FMCG & Consumer Staples,2017-12-26,2018-01-22,324,283.4584655761719,380.1563415527344,67893.58829162872,31.475489405540657,27,T3_MOONBAG,-14.81,8.73
PCBL,Chemicals & Specialty,2018-01-22,2018-02-02,332,98.08818054199219,80.13711316630044,-52255.557130638685,-18.300948469532248,11,SL_HIT,4.0,20.43
KOLTEPATIL,Real Estate,2018-01-22,2018-02-02,332,362.1732482910156,331.6838022174168,-24025.683505995854,-8.41846994980141,11,SL_HIT,-5.11,-8.88
SUNTECK,Real Estate,2017-11-09,2018-02-06,334,356.64263916015625,366.6344643214705,843.4076241459828,0.44179113329217673,89,TRAILING_SL_HIT,7.51,14.48
RADICO,FMCG & Consumer Staples,2018-02-02,2018-02-06,334,316.92706298828125,317.5609171142578,-7189.016258737257,-2.7319796097899274,4,SL_HIT,-1.77,27.62
LTTS,IT & Technology,2018-02-02,2018-02-09,337,1171.5872802734375,1170.8218412346453,-95.6798798490297,-0.06533350538028983,7,SL_HIT,-0.88,-0.43
JINDALSTEL,Metals & Mining,2018-02-09,2018-02-26,347,268.3698425292969,263.2514953613281,-4499.027160644531,-1.9071990800941057,17,STALE_ROTATION,-14.1,-11.89
SUNTECK,Real Estate,2018-02-26,2018-03-13,357,400.1593322753906,399.1382751464844,-574.8551635742188,-0.2551626431152569,15,STALE_ROTATION,-0.58,-5.53
SONATSOFTW,IT & Technology,2018-02-26,2018-03-13,357,92.92339324951172,90.67916107177734,-5440.018798828125,-2.4151423008287183,15,STALE_ROTATION,6.1,8.12
LTTS,IT & Technology,2018-02-26,2018-03-13,357,1272.097900390625,1160.5093994140625,-19751.164672851562,-8.772005750681362,15,STALE_ROTATION,-6.34,3.83
AHLUCONT,Construction & Infrastructure,2018-03-13,2018-03-22,364,379.6006774902344,380.35987884521484,269.516481018064,0.19999999999999818,9,TRAILING_SL_HIT,10.31,-10.97
MASTEK,IT & Technology,2018-03-22,2018-04-06,373,503.63665771484375,511.13897705078125,3195.988037109375,1.4896293232462183,15,STALE_ROTATION,1.44,-11.79
RADICO,FMCG & Consumer Staples,2018-04-05,2018-04-11,376,356.4453430175781,357.1582337036133,-2277.3371033935314,-0.7050460719994568,6,SL_HIT,11.36,5.87
SONATSOFTW,IT & Technology,2018-04-05,2018-04-12,377,95.29965209960938,95.4902514038086,-2702.164546142575,-1.068931696442932,7,SL_HIT,8.65,-12.89
RADICO,FMCG & Consumer Staples,2018-04-12,2018-04-18,381,368.8863525390625,369.6241252441406,-913.3773874511908,-0.269926366072392,6,SL_HIT,14.89,-2.18
AHLUCONT,Construction & Infrastructure,2018-04-11,2018-04-26,387,414.3542175292969,418.53662109375,2275.2275390625,1.0093787845075834,15,STALE_ROTATION,-7.35,-22.38
MASTEK,IT & Technology,2018-04-06,2018-04-30,389,511.13897705078125,512.1612550048828,-1267.912616292327,-0.47932798249899256,24,SL_HIT,-3.57,-5.62
SONATSOFTW,IT & Technology,2018-04-18,2018-05-03,391,98.67335510253906,100.95269731271064,264.7572502368633,0.13728110305027802,15,TRAILING_SL_HIT,8.29,1.69
RADICO,FMCG & Consumer Staples,2018-04-26,2018-05-03,391,406.2579040527344,371.3814298788461,-17996.26067372634,-8.584811230986194,7,SL_HIT,20.96,6.36
AHLUCONT,Construction & Infrastructure,2018-04-30,2018-05-09,395,419.7315368652344,420.57099993896486,390.7464437641124,0.16044417681086334,9,TRAILING_SL_HIT,-21.24,-22.49
RADICO,FMCG & Consumer Staples,2018-05-03,2018-05-11,397,390.64581298828125,391.4271046142578,-2478.9829949951163,-1.0359640293043113,8,SL_HIT,0.16,8.76
SONATSOFTW,IT & Technology,2018-05-03,2018-05-14,398,101.56300354003906,101.76612954711914,-2348.9766146545535,-0.9821829708262246,11,SL_HIT,-4.21,-4.82
JUBLFOOD,Consumer Discretionary & Retail,2018-05-09,2018-05-14,398,249.88072204589844,237.05047609386764,-10738.915861849775,-5.134548134399146,5,SL_HIT,11.3,23.21
AHLUCONT,Construction & Infrastructure,2018-05-11,2018-05-15,399,416.09686279296875,390.98124972292976,-12256.419178179027,-6.0360015457591665,4,SL_HIT,-8.09,-15.79
VMART,Consumer Discretionary & Retail,2018-05-15,2018-05-18,402,576.1757202148438,577.3280716552734,-5366.647314453121,-2.2711365018725003,3,SL_HIT,3.49,22.44
VMART,Consumer Discretionary & Retail,2018-05-18,2018-05-25,407,576.4249267578125,577.3594084148737,-186.59280492288303,-0.08216731595729104,7,SL_HIT,13.04,24.56
COFORGE,IT & Technology,2018-05-14,2018-05-28,408,193.80133056640625,194.18893322753905,-4404.223863281265,-1.435739878691847,14,SL_HIT,2.26,28.4
CYIENT,IT & Technology,2018-05-14,2018-05-29,409,675.47314453125,625.4729614257812,-14850.054382324219,-7.40224589390105,15,STALE_ROTATION,-6.95,-4.05
RADICO,FMCG & Consumer Staples,2018-05-25,2018-06-01,412,431.5789489746094,432.4421068725586,-4575.816980082195,-1.9394614996234512,7,SL_HIT,-6.62,3.94
VMART,Consumer Discretionary & Retail,2018-05-28,2018-06-05,414,593.4442138671875,526.5952448301643,-21792.763906069547,-11.264575081354474,8,SL_HIT,17.36,44.76
SONATSOFTW,IT & Technology,2018-05-29,2018-06-05,414,109.10247039794922,99.81746293517388,-16713.013432995613,-8.51035492496957,7,SL_HIT,-11.73,4.4
RADICO,FMCG & Consumer Staples,2018-06-01,2018-06-06,415,427.23681640625,366.349355932806,-27216.69483162946,-14.251454494396251,5,SL_HIT,7.71,31.7
DMART,Consumer Discretionary & Retail,2018-06-06,2018-06-18,423,1519.550048828125,1515.0,-4031.9067382812605,-1.8920087576846516,12,SL_HIT,2.18,0.5
TECHM,IT & Technology,2018-06-05,2018-06-20,425,517.269775390625,509.37701416015625,-2762.4664306640625,-1.5258500701125246,15,STALE_ROTATION,-6.41,13.67
VMART,Consumer Discretionary & Retail,2018-06-18,2018-06-28,431,598.4528198242188,599.6497254638672,-3600.7266937662635,-1.6496260571444838,10,SL_HIT,-0.9,11.11
COFORGE,IT & Technology,2018-06-20,2018-07-05,436,205.30740356445312,198.2315673828125,-6354.100891113281,-3.4464593379455377,15,STALE_ROTATION,13.59,10.75
VMART,Consumer Discretionary & Retail,2018-06-29,2018-07-12,441,618.8629150390625,701.1508350782922,17129.10999282726,11.12628875576521,13,TRAILING_SL_HIT,-1.39,-30.73
VMART,Consumer Discretionary & Retail,2018-07-12,2018-07-17,444,688.8265991210938,596.2690510870121,-25638.440805440605,-13.436988082658269,5,SL_HIT,20.15,-12.12
JUBLFOOD,Consumer Discretionary & Retail,2018-06-05,2018-09-04,477,250.79029846191406,285.01760188820447,18836.507767933002,12.309101346332763,91,TRAILING_SL_HIT,-20.79,-8.98
VMART,Consumer Discretionary & Retail,2018-09-04,2018-09-06,479,766.2468872070312,703.2052416332893,-16327.786203599153,-8.227328113987987,2,SL_HIT,-27.55,-2.14
COFORGE,IT & Technology,2018-07-17,2018-09-11,482,201.99147033691406,237.26447994316152,22148.355986801977,13.919129229793151,56,TRAILING_SL_HIT,-19.28,-14.18
RADICO,FMCG & Consumer Staples,2018-09-06,2018-09-14,484,448.2168273925781,404.98620172755363,-18718.860912955606,-9.645025135827895,8,SL_HIT,-12.47,-0.39
ADANIENT,Construction & Infrastructure,2018-09-12,2018-09-18,486,146.99386596679688,147.28785369873046,-1434.6497351074418,-0.5016349318165161,6,SL_HIT,13.1,5.93
ZENSARTECH,IT & Technology,2018-09-14,2018-09-19,487,283.2738952636719,255.05398298743182,-18794.461575975874,-9.962058893557032,5,SL_HIT,-8.76,-17.22
MPHASIS,IT & Technology,2018-07-05,2018-10-04,496,869.3656005859375,933.8051881611143,9910.328038601967,6.41696937190763,91,TRAILING_SL_HIT,-17.17,-13.8
VRL,General,2018-10-04,2018-10-09,499,63.675987243652344,55.27580002864518,-23906.932813910393,-13.192080058161254,5,SL_HIT,-3.7,-34.57
VRL,General,2018-10-09,2018-10-11,501,54.6229362487793,54.73218212127686,-3819.19765434265,-1.4229787550675483,2,SL_HIT,-8.47,-32.41
ATUL,Chemicals & Specialty,2018-10-12,2018-10-17,505,3107.64599609375,3113.8612880859373,236.18109570311753,0.19999999999999368,5,TRAILING_SL_HIT,10.2,7.67
ADANIENT,Construction & Infrastructure,2018-10-17,2018-10-25,510,159.67938232421875,159.99874108886718,-2553.5339454345954,-1.224881519906269,8,SL_HIT,-2.91,-10.1
NAUKRI,Consumer Discretionary & Retail,2018-10-25,2018-11-05,517,312.21563720703125,272.96151657074313,-22178.578159502787,-12.572759323473148,11,SL_HIT,12.58,24.56
LTTS,IT & Technology,2018-11-02,2018-11-19,526,1525.930908203125,1405.7769775390625,-13577.394165039062,-7.8741396493207505,17,STALE_ROTATION,4.71,-2.18
VINATIORGA,Chemicals & Specialty,2018-11-02,2018-11-20,527,724.4928588867188,725.9418446044922,-2445.5306925812547,-1.1930389592254427,18,SL_HIT,11.11,8.67
ADANIENT,Construction & Infrastructure,2018-11-05,2018-11-20,527,166.34295654296875,158.09982299804688,-8498.670684814453,-4.955505009791357,15,STALE_ROTATION,0.03,-25.2
AUROPHARMA,Pharmaceuticals & Healthcare,2018-11-20,2018-11-27,531,746.7907104492188,748.2842918701172,222.54363171386285,0.1999999999999961,7,TRAILING_SL_HIT,-7.94,-6.17
DIVISLAB,Pharmaceuticals & Healthcare,2018-11-19,2018-11-29,533,1482.3167724609375,1386.4980786308554,-10923.331096629361,-6.464117225834544,10,SL_HIT,0.41,9.13
VINATIORGA,Chemicals & Specialty,2018-11-20,2018-12-05,537,720.6033935546875,717.2938842773438,-761.1871337890625,-0.459269177323488,15,STALE_ROTATION,9.01,-0.62
ADANIENT,Construction & Infrastructure,2018-11-29,2018-12-05,537,167.72500610351562,155.42028921847998,-12021.708396679825,-7.3362447084613525,6,SL_HIT,-3.14,-14.98
AUROPHARMA,Pharmaceuticals & Healthcare,2018-11-27,2018-12-06,538,754.9882202148438,756.4981966552734,-3387.6506488037257,-1.7257984080303563,9,SL_HIT,-8.01,-6.55
DIVISLAB,Pharmaceuticals & Healthcare,2018-12-05,2018-12-14,544,1404.6068115234375,1407.4160251464843,-1378.4920173510209,-0.7256281348260498,9,SL_HIT,3.18,12.38
NEWGEN,IT & Technology,2018-12-07,2018-12-24,550,150.56735229492188,137.98696899414062,-13687.45703125,-8.35531946934923,17,STALE_ROTATION,2.05,4.81
VINATIORGA,Chemicals & Specialty,2018-12-14,2018-12-26,551,809.4801635742188,749.5445260819347,-11987.127498456812,-7.40421324565154,12,SL_HIT,2.48,2.16
ADANIENT,Construction & Infrastructure,2018-12-26,2018-12-28,553,159.18577575683594,159.50414730834962,-64.48814022827608,-0.02732882722223132,2,SL_HIT,-14.99,-14.9
TIINDIA,Automobiles & Auto Ancillaries,2018-12-05,2019-01-10,561,308.3172912597656,322.7392407740282,3759.2381560972035,2.7256007276146725,36,TRAILING_SL_HIT,5.17,14.35
VINATIORGA,Chemicals & Specialty,2018-12-26,2019-01-14,563,753.9171142578125,755.4249484863282,-2167.629668701172,-1.1670494289495432,19,SL_HIT,4.63,8.67
ASTRAL,Construction & Infrastructure,2019-01-10,2019-01-18,567,526.4081420898438,490.8589966904256,-10842.489346822531,-6.753152650391728,8,SL_HIT,-0.36,10.06
DIVISLAB,Pharmaceuticals & Healthcare,2018-12-28,2019-01-28,573,1392.1298828125,1394.914142578125,-1679.3753779297103,-0.8904529906012589,31,SL_HIT,10.29,16.61
MUTHOOTFIN,Banking & Finance,2019-01-15,2019-01-28,573,473.9844970703125,447.48222808403364,-8851.75784141714,-5.591378863673557,13,SL_HIT,2.85,18.68
SOLARA,Pharmaceuticals & Healthcare,2019-01-18,2019-01-28,573,326.21533203125,331.9769959849608,799.6787893567769,0.6073856881582662,10,TRAILING_SL_HIT,8.88,13.14
AARTIIND,Chemicals & Specialty,2019-01-31,2019-02-06,580,383.8797302246094,388.8892606712451,-875.0558874053802,-0.6406094384247288,6,SL_HIT,-10.22,-5.71
AARTIIND,Chemicals & Specialty,2019-02-06,2019-02-12,584,380.8925476074219,353.078703978748,-11793.069698557712,-7.302280867238445,6,SL_HIT,-4.86,5.74
DIVISLAB,Pharmaceuticals & Healthcare,2019-01-31,2019-02-15,586,1429.1341552734375,1528.6416707303867,5417.0619366125775,3.917593160268016,15,TRAILING_SL_HIT,4.86,5.3
VINATIORGA,Chemicals & Specialty,2019-02-12,2019-02-27,594,778.46142578125,723.4816835832096,-11270.847150598285,-7.062616126786722,15,SL_HIT,11.76,43.98
WIPRO,IT & Technology,2019-02-25,2019-02-28,595,131.1930389404297,126.04315688104576,-6185.008353320096,-3.9254232549047927,3,SL_HIT,-5.78,4.9
DIVISLAB,Pharmaceuticals & Healthcare,2019-02-27,2019-03-08,600,1554.61767578125,1557.7269111328126,-2097.2324517261422,-1.1473229794984736,9,SL_HIT,4.51,-5.23
VINATIORGA,Chemicals & Specialty,2019-03-08,2019-03-15,605,792.3764038085938,793.9611566162109,-1848.6406060687614,-1.002192099220318,7,SL_HIT,6.02,27.71
TIINDIA,Automobiles & Auto Ancillaries,2019-03-01,2019-03-20,608,359.2358703613281,365.877367828458,758.9621055407779,0.5731459101306674,19,TRAILING_SL_HIT,2.45,2.05
DIVISLAB,Pharmaceuticals & Healthcare,2019-03-15,2019-03-27,612,1620.6090087890625,1618.7115682777815,-129.02595476711122,-0.11708194271355041,12,SL_HIT,2.39,-6.11
SOLARA,Pharmaceuticals & Healthcare,2019-01-28,2019-04-02,615,338.9028625488281,397.1085311723986,18858.21317609679,14.112105623772909,64,TRAILING_SL_HIT,3.69,13.16
NAUKRI,Consumer Discretionary & Retail,2019-03-20,2019-04-04,617,371.20587158203125,360.5145568847656,-4650.721893310547,-2.8801577549677835,15,STALE_ROTATION,5.48,23.72
MUTHOOTFIN,Banking & Finance,2019-04-04,2019-04-09,620,530.55810546875,531.6192216796875,213.2843583984344,0.1999999999999971,5,TRAILING_SL_HIT,-8.11,3.17
SOLARA,Pharmaceuticals & Healthcare,2019-04-02,2019-04-18,626,423.76275634765625,401.998779296875,-8117.963439941406,-5.135887173842624,16,STALE_ROTATION,2.57,0.64
MUTHOOTFIN,Banking & Finance,2019-04-09,2019-04-22,627,536.9024047851562,537.9762095947266,213.68715710449635,0.2000000000000039,13,TRAILING_SL_HIT,2.66,3.86
GODREJPROP,Real Estate,2019-04-18,2019-04-30,632,910.8472290039062,815.109971477202,-16849.757324699956,-10.510791983349572,12,SL_HIT,9.89,15.29
NEWGEN,IT & Technology,2019-04-22,2019-04-30,632,164.20004272460938,149.1142450263524,-14542.708981119731,-9.187450531641067,8,SL_HIT,-0.66,-12.97
VINATIORGA,Chemicals & Specialty,2019-03-27,2019-05-08,637,801.6288452148438,859.0994176870281,8399.386424794899,6.2185333325740215,42,TRAILING_SL_HIT,17.2,2.09
BAJFINANCE,Banking & Finance,2019-04-30,2019-05-08,637,300.19769287109375,288.598648564349,-5938.710685053316,-3.8638019485797455,8,SL_HIT,16.01,8.45
AAVAS,Banking & Finance,2019-04-30,2019-05-13,640,1198.3499755859375,1315.0018354143415,11154.801740373889,8.523874179149981,13,TRAILING_SL_HIT,7.58,12.9
BAJAJFINSV,Banking & Finance,2019-05-17,2019-05-23,648,796.114013671875,797.7062416992187,-1513.8766079101547,-0.8219165349800855,6,SL_HIT,4.79,-9.62
AAVAS,Banking & Finance,2019-05-23,2019-06-07,658,1449.300048828125,1413.800048828125,-3869.5,-2.4494582766836026,15,STALE_ROTATION,4.11,6.78
UPL,"Agriculture, Fertilizers & Agro",2019-05-13,2019-06-13,662,586.5363159179688,612.9018415234605,2023.8952949259315,1.5030426785151363,31,TRAILING_SL_HIT,-4.21,-12.34
EMBDL,Real Estate,2019-06-07,2019-06-13,662,127.55000305175781,109.24286106654576,-22902.23462350028,-14.352913796311947,6,SL_HIT,6.51,-41.09
MANAPPURAM,Banking & Finance,2019-06-13,2019-06-28,673,123.36193084716797,121.60211944580078,-2198.004440307617,-1.4265433341404186,15,STALE_ROTATION,-17.98,-0.99
TANLA,IT & Technology,2019-06-28,2019-07-05,678,68.4492416381836,61.25860224461415,-16552.851883996853,-10.50506802044426,7,SL_HIT,-20.47,-26.61
BAJFINANCE,Banking & Finance,2019-05-17,2019-07-08,679,320.0899658203125,337.85242399578215,5859.55040277998,4.4282480408135,52,TRAILING_SL_HIT,-9.15,12.15
VINATIORGA,Chemicals & Specialty,2019-06-13,2019-07-09,680,970.2019653320312,989.9181969812898,1866.1351928149288,1.437778160917575,26,TRAILING_SL_HIT,-10.15,6.15
TANLA,IT & Technology,2019-07-05,2019-07-16,685,61.9961051940918,62.12009740447998,-2659.256993415833,-1.4366132035855577,11,SL_HIT,-27.21,-29.57
TANLA,IT & Technology,2019-07-16,2019-07-22,689,64.20861053466797,56.93896607033584,-17199.97880260982,-11.321915244384636,6,SL_HIT,-13.87,-17.3
HDFCAMC,Banking & Finance,2019-07-22,2019-08-06,700,970.8316040039062,914.8417358398438,-8510.4599609375,-5.767206993792635,15,STALE_ROTATION,25.69,45.21
SRF,Chemicals & Specialty,2019-08-06,2019-08-21,709,580.6906127929688,566.0640258789062,-3685.89990234375,-2.5188261342322162,15,STALE_ROTATION,-1.21,8.45
HDFCLIFE,Banking & Finance,2019-08-21,2019-09-04,718,520.8434448242188,521.8851317138672,-1995.1655062256073,-1.1556020708140835,14,SL_HIT,9.91,9.76
AAVAS,Banking & Finance,2019-08-27,2019-09-09,721,1543.5,1546.587,94.66580281689949,0.05517411048353091,13,TRAILING_SL_HIT,5.77,16.57
TRENT,Consumer Discretionary & Retail,2019-08-27,2019-09-11,722,469.20556640625,452.8066711425781,-5149.253112792969,-3.495034253168535,15,STALE_ROTATION,11.41,9.41
VINATIORGA,Chemicals & Specialty,2019-09-09,2019-09-19,728,1104.9281005859375,1107.1379567871095,-892.9947912746936,-0.5244115779032232,10,SL_HIT,-6.52,-14.64
BRIGADE,Real Estate,2019-09-11,2019-09-26,733,143.62628173828125,145.0537872314453,1451.7730865478516,0.9939027007364101,15,STALE_ROTATION,-1.19,8.48
HDFCAMC,Banking & Finance,2019-09-09,2019-10-03,737,1165.46484375,1186.8208606883288,-12.620408296575079,-0.01012639711277942,24,SL_HIT,9.34,17.89
VINATIORGA,Chemicals & Specialty,2019-09-26,2019-10-07,739,1089.415283203125,1017.8206373640164,-9736.871834118767,-6.571841513789331,11,SL_HIT,-0.36,-5.6
ABBOTINDIA,Pharmaceuticals & Healthcare,2019-10-09,2019-10-24,750,9860.6171875,9962.3291015625,1423.966796875,1.031496427946083,15,STALE_ROTATION,13.15,13.78
HDFCLIFE,Banking & Finance,2019-09-20,2019-11-04,756,553.3777465820312,585.8017003682487,3709.686118842206,2.9499901980447625,45,TRAILING_SL_HIT,-2.03,1.37
BPCL,Energy & Power,2019-10-24,2019-11-05,757,164.51210021972656,164.841124420166,-998.5243785095167,-0.4367155344845534,12,SL_HIT,-2.5,-8.64
HDFCAMC,Banking & Finance,2019-10-03,2019-11-13,762,1191.621337890625,1583.463623046875,38071.15277364981,30.06984773749376,41,T3_MOONBAG,-15.83,-7.73
SIEMENS,Capital Goods & Engineering,2019-11-05,2019-11-15,764,946.8556518554688,904.2052972838002,-6738.756022323634,-4.5044199174489234,10,SL_HIT,-7.35,-7.12
ADANIGREEN,Energy & Power,2019-11-13,2019-11-22,769,96.0,96.19200000000001,-1754.2259999999826,-0.7473338126048332,9,SL_HIT,40.45,106.2
WHIRLPOOL,Capital Goods & Engineering,2019-11-15,2019-11-22,769,2272.729736328125,2114.207070301951,-10779.541289779845,-6.974989744371765,7,SL_HIT,2.21,2.33
AAVAS,Banking & Finance,2019-11-22,2019-12-02,775,1723.25,1726.6965,-3044.0104999999985,-1.682761565836298,10,SL_HIT,14.73,10.25
ADANIENT,Construction & Infrastructure,2019-11-22,2019-12-03,776,201.43798828125,201.8408642578125,-3082.8431775340914,-1.690919774274064,11,SL_HIT,1.96,14.86
HDFCAMC,Banking & Finance,2019-12-02,2019-12-09,780,1498.300537109375,1357.122397755364,-14400.170214109112,-9.422551474644836,7,SL_HIT,0.42,-2.1
WHIRLPOOL,Capital Goods & Engineering,2019-12-03,2019-12-17,786,2185.708251953125,2190.0796684570314,-1938.204491210925,-1.0677357367319407,14,SL_HIT,6.63,-1.81
ADANIGREEN,Energy & Power,2019-12-09,2020-01-03,798,124.6500015258789,192.60000610351562,66559.15299969043,51.31767390376508,25,T3_MOONBAG,-1.64,-20.43
MANAPPURAM,Banking & Finance,2020-01-03,2020-01-22,811,156.95484924316406,157.2687589416504,-2125.4983192443738,-1.0488872442708619,19,SL_HIT,-1.4,-37.15
AAVAS,Banking & Finance,2019-12-17,2020-01-24,813,1898.449951171875,1902.2468510742187,-2234.9151107107036,-1.2216097689364511,38,SL_HIT,1.7,-39.83
ABBOTINDIA,Pharmaceuticals & Healthcare,2019-11-04,2020-01-30,817,10746.9736328125,11192.782419563895,1821.1383660953397,1.2674516802157119,87,TRAILING_SL_HIT,25.91,45.74
DIXON,Capital Goods & Engineering,2020-01-24,2020-01-30,817,841.2568969726562,837.1310872204234,-2444.9719526298186,-1.2593341506997007,6,SL_HIT,-8.86,9.34
ADANIGREEN,Energy & Power,2020-01-22,2020-02-06,822,197.64999389648438,202.89999389648438,4452.0,2.656210555083342,15,STALE_ROTATION,-28.59,9.71
TANLA,IT & Technology,2020-02-05,2020-02-14,828,72.33028411865234,72.47494468688964,-5881.672003672178,-2.9530564955032963,9,SL_HIT,-37.58,-16.65
BHARTIARTL,Telecom & Media,2020-02-06,2020-02-18,830,516.1980590820312,517.2304552001954,-2428.0463950195267,-1.1954138140354413,12,SL_HIT,-18.83,8.52
WELCORP,Metals & Mining,2020-02-05,2020-02-25,834,165.77801513671875,173.63674432102493,-1225.2513736590754,-0.841996553225444,20,SL_HIT,-67.31,-69.57
ADANIGREEN,Energy & Power,2020-02-14,2020-02-25,834,206.8000030517578,184.75,-18191.252517700195,-10.662477140408527,11,SL_HIT,-19.84,33.15
AMBER,Capital Goods & Engineering,2020-02-19,2020-02-26,835,1636.7030029296875,1463.6387593688912,-17652.55284320122,-10.57395527783675,7,SL_HIT,-15.32,-14.88
KITEX,Textiles & Apparel,2020-02-26,2020-03-04,840,48.61553955078125,41.30950094802305,-23876.134153813797,-15.028196067075825,7,SL_HIT,-32.52,-10.71
DEEPAKNTR,Chemicals & Specialty,2020-03-04,2020-03-12,845,505.706787109375,431.27546985266014,-22627.120446041317,-14.71827532356546,8,SL_HIT,1.39,9.33
NAVINFLUOR,Chemicals & Specialty,2020-03-12,2020-03-19,850,1319.321533203125,1029.487414172964,-32461.42133137803,-21.96842177861563,7,SL_HIT,34.84,51.81
ZYDUSLIFE,Pharmaceuticals & Healthcare,2020-03-20,2020-03-24,853,272.0289611816406,272.5730191040039,913.4566006469752,0.430944723823164,4,TRAILING_SL_HIT,18.02,28.26
NAVINFLUOR,Chemicals & Specialty,2020-04-09,2020-04-24,872,1503.6591796875,1472.397216796875,-3063.67236328125,-2.0790590921755325,15,STALE_ROTATION,-0.65,16.11
ABBOTINDIA,Pharmaceuticals & Healthcare,2020-04-09,2020-04-24,872,16034.1474609375,14738.9697265625,-11656.599609375,-8.077621448413899,15,STALE_ROTATION,2.2,-8.67
ABBOTINDIA,Pharmaceuticals & Healthcare,2020-04-24,2020-05-19,888,14738.9697265625,14768.447666015625,-1317.6744568810172,-0.8045854791228688,25,SL_HIT,-2.33,1.28
DIXON,Capital Goods & Engineering,2020-05-27,2020-06-10,903,908.3504638671875,981.9411133235101,7243.985173491026,5.6048115417856055,14,TRAILING_SL_HIT,23.7,69.04
NAVINFLUOR,Chemicals & Specialty,2020-06-10,2020-06-12,905,1555.4029541015625,1440.5965379523063,-11480.641614925617,-7.3811365631339605,2,SL_HIT,16.89,36.23
AUROPHARMA,Pharmaceuticals & Healthcare,2020-06-12,2020-06-30,917,745.7506713867188,747.2421727294922,-2189.3766361084067,-1.19137284317448,18,SL_HIT,2.32,3.49
ADANIGREEN,Energy & Power,2020-06-30,2020-07-10,925,358.8500061035156,359.5677061157227,-2466.146942138664,-1.353167046440968,10,SL_HIT,3.03,108.43
ALOKINDS,Textiles & Apparel,2020-07-10,2020-07-15,928,41.099998474121094,35.25,-22668.74408721924,-14.233573458170776,5,SL_HIT,7.8,-29.65
GRANULES,Pharmaceuticals & Healthcare,2020-07-15,2020-07-30,939,236.0646514892578,271.37379384883235,15052.119080077277,11.471046857582692,15,TRAILING_SL_HIT,11.79,39.67
ALKYLAMINE,Chemicals & Specialty,2020-04-24,2020-08-11,947,642.490478515625,1049.3607177734375,69994.23746744792,54.98992019089376,109,T3_MOONBAG,20.49,11.65
GRANULES,Pharmaceuticals & Healthcare,2020-07-30,2020-08-31,961,272.6741943359375,285.19413133346467,2795.2650486609687,2.075666596257135,32,TRAILING_SL_HIT,37.35,43.88
ADANIGREEN,Energy & Power,2020-08-11,2020-09-02,963,360.6499938964844,544.0999755859375,71821.9171282148,49.438943246675215,22,T3_MOONBAG,35.56,102.99
LAURUSLABS,Pharmaceuticals & Healthcare,2020-09-02,2020-09-04,965,227.21737670898438,227.17820315358622,-2357.9458834937745,-0.8532929551462762,2,SL_HIT,27.37,39.6
LAURUSLABS,Pharmaceuticals & Healthcare,2020-09-04,2020-09-22,977,231.57489013671875,257.71757876576635,16632.586817192077,10.694632262534551,18,TRAILING_SL_HIT,26.85,30.4
ADANIGREEN,Energy & Power,2020-09-28,2020-10-08,988,680.0999755859375,681.4601755371094,-3471.7946813266967,-1.4387793604540975,10,SL_HIT,25.41,58.81
ADANIGREEN,Energy & Power,2020-10-08,2020-10-19,995,696.1500244140625,697.5423244628906,-3793.586234619137,-1.1863103256955725,11,SL_HIT,44.59,32.2
ADANIGREEN,Energy & Power,2020-10-19,2020-10-26,1000,702.7999877929688,704.2055877685547,-1952.6304107666283,-0.6248271462468086,7,SL_HIT,67.61,44.87
LAURUSLABS,Pharmaceuticals & Healthcare,2020-10-26,2020-10-29,1003,309.2855529785156,309.90412408447264,-1561.4266972046034,-0.5028169068028635,3,SL_HIT,-7.34,20.29
TANLA,IT & Technology,2020-08-31,2020-11-04,1007,212.44412231445312,317.0694274902344,70614.41184456433,47.05559843076765,65,T3_MOONBAG,108.3,97.58
ICIL,Textiles & Apparel,2020-10-29,2020-11-09,1010,138.75820922851562,139.03572564697265,-6466.50553851267,-2.580272911490507,11,SL_HIT,12.06,-8.44
MASTEK,IT & Technology,2020-11-04,2020-11-10,1011,856.1141967773438,857.8264251708985,-2335.320929985528,-0.8992959475220444,6,SL_HIT,19.68,32.55
ZYDUSLIFE,Pharmaceuticals & Healthcare,2020-03-24,2020-12-07,1028,268.3190612792969,454.8270568847656,63094.0980834961,45.891745314799074,258,T3_MOONBAG,2.93,-5.59
ADANIGREEN,Energy & Power,2020-12-07,2020-12-11,1032,1106.25,990.0499877929688,-24634.402587890625,-10.503955905720339,4,SL_HIT,-2.2,17.79
INTELLECT,IT & Technology,2020-11-10,2020-12-18,1037,234.4347381591797,283.07246724005387,32927.53772942054,18.24148326078354,38,TRAILING_SL_HIT,11.5,102.49
MASTEK,IT & Technology,2020-12-11,2020-12-18,1037,1020.1680297851562,1022.2083658447266,-1962.157052738065,-0.7385083770741102,7,SL_HIT,8.52,14.53
ICIL,Textiles & Apparel,2020-11-09,2020-12-21,1038,139.2832794189453,139.5618459777832,-3259.286814910864,-1.266227265780901,42,SL_HIT,1.65,-21.95
TANLA,IT & Technology,2020-12-18,2020-12-23,1040,619.6566772460938,531.3206055268327,-32419.33832096882,-14.255647516274378,5,SL_HIT,32.5,55.67
TEJASNET,Telecom & Media,2020-12-18,2021-01-04,1047,135.8616485595703,136.13337185668945,-1235.8959161682196,-0.3602493574582607,17,SL_HIT,0.42,22.12
GREENPANEL,Energy & Power,2020-12-23,2021-01-15,1056,108.03602600097656,175.86000061035156,112195.61940646757,60.12932405464494,23,T3_MOONBAG,-2.8,16.79
MASTEK,IT & Technology,2021-01-04,2021-01-18,1057,1185.198974609375,1187.5693725585938,-5738.572155761678,-1.9497868043087834,14,SL_HIT,0.18,7.4
TANLA,IT & Technology,2021-01-15,2021-01-22,1061,698.4002685546875,699.7970690917969,-250.1723840332129,-0.06652791902595442,7,SL_HIT,21.39,16.9
ADANIENT,Construction & Infrastructure,2021-01-18,2021-01-27,1063,506.3929748535156,507.4057608032227,-4398.241481744848,-1.2406599559136766,9,SL_HIT,58.23,132.91
LAURUSLABS,Pharmaceuticals & Healthcare,2020-12-21,2021-01-29,1065,325.6452331542969,336.98431444026255,5457.378987992501,2.8724026433606205,39,TRAILING_SL_HIT,2.18,32.12
TANLA,IT & Technology,2021-01-22,2021-02-08,1071,681.9158325195312,656.1181030273438,-11634.776000976562,-3.783125169109284,17,STALE_ROTATION,43.31,22.34
GREENPANEL,Energy & Power,2021-01-27,2021-02-10,1073,162.6692657470703,167.98844785143106,5695.538928246654,2.228942588889906,14,TRAILING_SL_HIT,0.09,38.12
GREENPANEL,Energy & Power,2021-02-10,2021-02-12,1075,178.22251892089844,176.49983700295752,-770.6579719123308,-0.1577795498407678,2,SL_HIT,-1.09,37.56
TATAELXSI,IT & Technology,2021-02-01,2021-02-16,1077,2765.796875,2706.116943359375,-6863.192138671875,-2.157784332612098,15,STALE_ROTATION,-4.48,26.61
TANLA,IT & Technology,2021-02-12,2021-02-26,1085,689.0404052734375,804.664298326455,41977.634413168154,14.998006944652337,14,TRAILING_SL_HIT,-6.86,6.19
GREENPANEL,Energy & Power,2021-02-16,2021-03-03,1088,175.86000061035156,174.77719116210938,-2055.172332763672,-0.6157224181076516,15,STALE_ROTATION,-0.56,37.76
ADANIGREEN,Energy & Power,2021-02-26,2021-03-15,1095,1159.8499755859375,1193.0999755859375,10972.5,2.866750071120417,17,STALE_ROTATION,-5.9,1.66
TANLA,IT & Technology,2021-03-15,2021-03-17,1097,892.0225830078125,893.8066281738281,-5682.011536376927,-1.0432458595275902,2,SL_HIT,-8.08,-16.9
TEJASNET,Telecom & Media,2021-03-03,2021-03-18,1098,196.54351806640625,172.38748734017472,-44712.812874254574,-12.290423496983465,15,SL_HIT,-3.33,1.18
DIXON,Capital Goods & Engineering,2021-02-08,2021-03-23,1101,3449.9013671875,3868.783949526589,28778.94309179051,11.175808163973166,43,TRAILING_SL_HIT,0.46,17.47
TANLA,IT & Technology,2021-03-17,2021-03-23,1101,887.2730102539062,791.5195086072958,-35620.30261253907,-10.791887112537001,6,SL_HIT,3.35,-0.82
ADANIGREEN,Energy & Power,2021-03-23,2021-03-26,1104,1313.6500244140625,1207.3857247488838,-21677.91713169645,-8.089239728258411,3,SL_HIT,-12.56,-3.32
DEEPAKNTR,Chemicals & Specialty,2021-03-30,2021-04-05,1108,1591.2257080078125,1594.4081594238282,-874.1035239257535,-0.2223624613269094,6,SL_HIT,16.86,15.53
ADANIENT,Construction & Infrastructure,2021-03-19,2021-04-06,1109,887.09765625,1221.884521484375,79504.9904805846,32.70834129533295,18,T3_MOONBAG,5.01,16.12
FACT,"Agriculture, Fertilizers & Agro",2021-03-23,2021-04-07,1110,112.57849884033203,109.8375473022461,-6537.169418334961,-2.4347025109771425,15,STALE_ROTATION,6.99,23.32
TATAELXSI,IT & Technology,2021-04-05,2021-04-13,1114,2677.660400390625,2683.015721191406,-2641.2450904772104,-0.8415063870037928,8,SL_HIT,21.68,52.04
INTELLECT,IT & Technology,2021-04-07,2021-04-22,1119,715.9658203125,690.2530517578125,-10645.086181640625,-3.5913402323402197,15,STALE_ROTATION,7.47,9.64
TANLA,IT & Technology,2021-04-27,2021-05-12,1133,835.444580078125,811.0905151367188,-8207.319885253906,-2.9151023924446107,15,STALE_ROTATION,-3.5,5.75
GREENPANEL,Energy & Power,2021-04-06,2021-05-19,1137,173.4974822998047,252.24810791015625,106970.2293395996,43.14309756331139,43,T3_MOONBAG,-9.29,-2.5
TANLA,IT & Technology,2021-05-19,2021-05-21,1139,829.8102416992188,824.2222405063853,-374.97390974833763,-0.08279891339060244,2,SL_HIT,-9.73,2.45
GREENPANEL,Energy & Power,2021-05-21,2021-05-31,1145,252.39576721191406,252.90055874633788,-2948.2930150451884,-0.6140081429624968,10,SL_HIT,-12.83,-5.67
TANLA,IT & Technology,2021-05-31,2021-06-09,1152,854.4436645507812,776.9108992570372,-27989.328271041617,-9.074064038441492,9,SL_HIT,4.44,9.12
ADANIENT,Construction & Infrastructure,2021-04-27,2021-06-14,1155,1187.732666015625,1437.3144722771287,45419.16941701746,18.876957313875856,48,TRAILING_SL_HIT,-1.38,8.01
TATAELXSI,IT & Technology,2021-06-09,2021-06-14,1155,3478.10791015625,3485.0641259765625,424.3291650390647,0.20000000000000104,5,TRAILING_SL_HIT,18.2,32.56
ADANIENT,Construction & Infrastructure,2021-06-14,2021-06-16,1157,1497.142333984375,1500.1366186523437,-3167.711223144511,-0.6226903071723207,2,SL_HIT,-6.75,1.93
SAIL,Metals & Mining,2021-06-14,2021-06-18,1159,118.416015625,109.32320562444771,-25941.786931575687,-7.678699500705558,4,SL_HIT,0.35,-4.74
INTELLECT,IT & Technology,2021-05-12,2021-06-29,1166,691.1295776367188,692.5118367919922,-4744.07207446288,-1.3569419289818814,48,SL_HIT,4.77,-3.49
ADANIENT,Construction & Infrastructure,2021-06-16,2021-07-02,1169,1444.144775390625,1447.0330649414063,-7421.90216162107,-1.8710341405605415,16,SL_HIT,-0.83,2.44
LAURUSLABS,Pharmaceuticals & Healthcare,2021-07-02,2021-07-19,1180,667.4496459960938,654.5960693359375,-5835.5238037109375,-1.9257747363059468,17,STALE_ROTATION,4.55,-2.05
MASTEK,IT & Technology,2021-06-18,2021-07-22,1182,2067.201416015625,2604.7509765625,62617.4501953125,24.29227544569755,34,T3_MOONBAG,-4.35,26.99
HFCL,Telecom & Media,2021-07-19,2021-07-28,1186,81.00238800048828,68.55354189862689,-47828.46672335147,-15.36849271874102,9,SL_HIT,-1.63,0.45
INTELLECT,IT & Technology,2021-07-22,2021-07-28,1186,782.3907470703125,783.9555285644532,-6858.3797180175725,-1.8466403288914697,6,SL_HIT,-18.22,-17.11
TANLA,IT & Technology,2021-07-28,2021-08-05,1192,853.4658203125,855.172751953125,-4068.3130397135074,-1.1253027827213589,8,SL_HIT,-0.86,34.78
ANGELONE,Banking & Finance,2021-07-28,2021-08-10,1195,110.32555389404297,110.54620500183105,-8123.90052443728,-2.2218891359413577,13,SL_HIT,-0.92,1.62
ADANIENT,Construction & Infrastructure,2021-08-05,2021-08-10,1195,1429.1595458984375,1451.1925120967749,-2385.3163999123876,-0.8576822688856373,5,SL_HIT,6.98,7.83
JSWENERGY,Energy & Power,2021-08-10,2021-08-16,1199,228.90650939941406,229.36432241821288,-2323.9289479675335,-0.49205402048098185,6,SL_HIT,31.71,37.09
DEEPAKFERT,"Agriculture, Fertilizers & Agro",2021-06-29,2021-08-23,1203,372.2713317871094,373.0158744506836,-4520.946694295249,-1.2441983429719723,55,SL_HIT,3.51,-5.28
JSWENERGY,Energy & Power,2021-08-16,2021-08-24,1204,241.04139709472656,208.43795831844508,-42025.83258262683,-13.526074429227064,8,SL_HIT,58.85,37.62
ADANIENT,Construction & Infrastructure,2021-08-10,2021-08-25,1205,1443.2783203125,1472.063720703125,6217.646484375,1.994445560880618,15,STALE_ROTATION,-0.07,15.77
KPITTECH,IT & Technology,2021-08-23,2021-08-31,1209,321.92803955078125,322.5718956298828,-734.0786477050844,-0.16559308470128337,8,SL_HIT,4.91,32.82
TEJASNET,Telecom & Media,2021-08-24,2021-09-01,1210,359.9561462402344,360.6760585327148,-4430.168152648933,-1.005742029489128,8,SL_HIT,36.17,26.27
ADANIENT,Construction & Infrastructure,2021-08-25,2021-09-17,1221,1472.063720703125,1475.0078481445312,-7949.240298395571,-2.2702316749094402,23,SL_HIT,9.28,14.68
JSWENERGY,Energy & Power,2021-08-31,2021-09-29,1229,257.9523010253906,375.3052978515625,109359.57630411781,42.87570588278347,29,T3_MOONBAG,-9.56,-19.14
HFCL,Telecom & Media,2021-09-17,2021-10-04,1232,73.57551574707031,75.26254272460938,7323.38410949707,2.2929189967740564,17,STALE_ROTATION,0.26,4.02
TEJASNET,Telecom & Media,2021-09-01,2021-10-05,1233,369.1730041503906,514.3511962890625,92699.267531508,37.10068682815706,34,T3_MOONBAG,-16.67,-18.84
ANGELONE,Banking & Finance,2021-10-04,2021-10-19,1242,125.67281341552734,132.668143367165,12398.12562015431,4.071018110851588,15,TRAILING_SL_HIT,-16.37,-11.51
TEJASNET,Telecom & Media,2021-10-05,2021-10-19,1242,514.3511962890625,515.3798986816406,431.03211303708304,0.08055941955201011,14,TRAILING_SL_HIT,-9.81,-0.33
GREENPANEL,Energy & Power,2021-09-29,2021-10-21,1244,303.63287353515625,311.56242916602196,2291.7023992982413,0.7989529095837842,22,TRAILING_SL_HIT,20.65,44.96
ANGELONE,Banking & Finance,2021-10-19,2021-10-21,1244,136.01470947265625,116.72990022000951,-55347.40255509614,-14.17847328970229,2,SL_HIT,-16.54,6.1
TEJASNET,Telecom & Media,2021-10-19,2021-10-22,1245,491.1844482421875,435.1216780799879,-44569.902278948706,-11.413791776761801,3,SL_HIT,1.53,5.24
IRCTC,Consumer Discretionary & Retail,2021-10-21,2021-10-29,1250,874.936279296875,786.452644498911,-51284.04466628221,-10.075461037205091,8,SL_HIT,-3.28,0.94
JSWENERGY,Energy & Power,2021-10-22,2021-10-29,1250,371.2115783691406,336.01822000907725,-32061.14946601773,-9.480673667206133,7,SL_HIT,-16.66,-11.69
ANGELONE,Banking & Finance,2021-10-21,2021-11-08,1255,119.19719696044922,112.33658599853516,-19559.601852416992,-5.75568145632693,18,STALE_ROTATION,-9.92,14.98
HGINFRA,Construction & Infrastructure,2021-10-29,2021-11-09,1256,730.0842895507812,731.5444581298829,-1813.4135125732205,-0.48847028234893836,11,SL_HIT,-15.74,-20.64
TATAPOWER,Energy & Power,2021-11-09,2021-11-18,1263,233.83514404296875,234.3028143310547,-4355.243662109348,-0.8925479774710594,9,SL_HIT,-10.97,-9.03
EMBDL,Real Estate,2021-11-08,2021-11-22,1264,189.8000030517578,168.26429312569755,-36998.349652971534,-11.346527702735361,14,SL_HIT,-12.16,-24.23
TATAPOWER,Energy & Power,2021-11-18,2021-11-25,1267,229.1951904296875,229.65358081054688,-18.2828674316049,-0.0037462424817583293,7,SL_HIT,-8.22,-4.98
TRIDENT,Textiles & Apparel,2021-10-29,2021-11-29,1269,35.52849197387695,51.20970916748047,112041.04849561502,41.83249512067193,31,T3_MOONBAG,-6.12,-6.86
TEJASNET,Telecom & Media,2021-11-29,2021-12-01,1271,440.8653259277344,441.74705657958987,-4545.864292907682,-0.8892018506210002,2,SL_HIT,-6.24,-10.12
KPITTECH,IT & Technology,2021-12-08,2021-12-15,1281,492.055419921875,493.03953076171877,-2158.518878662079,-0.4208070013678267,7,SL_HIT,40.48,13.87
TEJASNET,Telecom & Media,2021-12-08,2021-12-17,1283,454.41656494140625,411.21470613375146,-32314.99038812578,-9.507104745009759,9,SL_HIT,23.37,-7.64
TRIDENT,Textiles & Apparel,2021-12-01,2021-12-21,1285,46.247886657714844,47.324506332897386,-2463.3283510904193,-0.8499577801030291,20,SL_HIT,27.79,8.11
TRIDENT,Textiles & Apparel,2021-12-21,2021-12-27,1289,47.51174545288086,47.60676894378662,-7189.730316886936,-1.4185886540711174,6,SL_HIT,20.25,2.55
TANLA,IT & Technology,2021-12-28,2022-01-04,1295,1682.7891845703125,1686.1547629394531,-6241.925177490213,-1.2310763730941854,7,SL_HIT,-0.32,-17.93
KPITTECH,IT & Technology,2021-12-27,2022-01-10,1299,539.03564453125,722.9321899414062,90143.88574218751,32.111634551539744,14,T3_MOONBAG,-17.66,-19.14
TDPOWERSYS,Capital Goods & Engineering,2022-01-04,2022-01-10,1299,42.769832611083984,42.855372276306156,-941.4813476943566,-0.18537561006554165,6,SL_HIT,-6.11,-18.87
PERSISTENT,IT & Technology,2022-01-10,2022-01-19,1306,2163.60205078125,2032.0950116456577,-21304.140339965958,-6.0781528233487645,9,SL_HIT,-6.84,-5.11
TRIDENT,Textiles & Apparel,2021-12-28,2022-01-20,1307,50.46075439453125,56.17152584346541,23042.44631129075,8.010799964038494,23,TRAILING_SL_HIT,-11.67,-7.5
UNOMINDA,Automobiles & Auto Ancillaries,2022-01-10,2022-01-24,1309,592.697509765625,516.942374844499,-44998.550143148845,-12.7814160972403,14,SL_HIT,-7.55,-10.49
TRIDENT,Textiles & Apparel,2022-01-20,2022-01-24,1309,60.33757781982422,58.98009994444204,-11606.209598986774,-2.199224276075444,4,SL_HIT,-19.13,-15.87
KPITTECH,IT & Technology,2022-01-19,2022-01-25,1310,677.9398193359375,589.5134614727474,-46512.264236038,-13.043393431264501,6,SL_HIT,-5.83,-14.06
TRIDENT,Textiles & Apparel,2022-01-25,2022-02-09,1320,58.37157440185547,55.984283447265625,-13710.211952209473,-4.089817653631694,15,STALE_ROTATION,-7.86,-19.31
TATAPOWER,Energy & Power,2022-02-01,2022-02-14,1323,241.52011108398438,218.4652528654691,-31769.594625114052,-9.54573021478048,13,SL_HIT,0.62,0.27
BSE,Banking & Finance,2022-02-01,2022-02-22,1329,210.83404541015625,216.19499519692715,3063.734780664069,1.0868883884128375,21,TRAILING_SL_HIT,36.97,4.43
NDTV,Telecom & Media,2022-02-10,2022-02-24,1331,140.85000610351562,145.5196489606585,-4284.44440932502,-1.431714188805748,14,SL_HIT,64.58,6.72
GREENPANEL,Energy & Power,2022-03-14,2022-03-24,1349,539.5592651367188,540.6383836669922,-3223.151699566998,-0.7643645983041302,10,SL_HIT,5.89,-18.52
DEEPAKFERT,"Agriculture, Fertilizers & Agro",2022-03-14,2022-03-29,1352,538.8136596679688,518.1046752929688,-13750.765625,-3.843440863722984,15,STALE_ROTATION,21.28,11.64
NDTV,Telecom & Media,2022-02-24,2022-03-30,1353,135.5,216.1999969482422,160206.01248168945,56.30798785754134,34,TRAILING_SL_HIT,-12.14,-18.71
NDTV,Telecom & Media,2022-03-30,2022-04-01,1355,238.89999389648438,224.75,-24501.090209960916,-4.334561339683595,2,SL_HIT,-19.8,-21.29
NDTV,Telecom & Media,2022-04-01,2022-04-05,1357,223.25,223.69650000000001,456.9539151611457,0.0804558863301594,4,TRAILING_SL_HIT,-22.06,-24.88
KPITTECH,IT & Technology,2022-03-24,2022-04-07,1359,585.2822875976562,586.4528521728515,-4432.689054565432,-0.934808668903871,14,SL_HIT,-15.59,-16.73
BSE,Banking & Finance,2022-03-29,2022-04-07,1359,285.0935363769531,285.66372344970705,-8622.66305877682,-1.4860619510006008,9,SL_HIT,-16.21,-32.09
ANGELONE,Banking & Finance,2022-04-07,2022-04-12,1362,153.32476806640625,153.63141760253907,-2003.291145864955,-0.4635410378417902,5,SL_HIT,-21.49,-22.68
NDTV,Telecom & Media,2022-04-05,2022-04-20,1366,224.5,213.0500030517578,-19213.09487915039,-5.100221357791621,15,STALE_ROTATION,-21.43,-9.01
TRIDENT,Textiles & Apparel,2022-04-07,2022-04-22,1368,52.14590072631836,50.788421630859375,-9578.372497558594,-2.6032326157017676,15,STALE_ROTATION,-11.8,-29.95
ANGELONE,Banking & Finance,2022-04-12,2022-05-04,1375,156.44252014160156,161.60105526303428,-2370.197138851364,-0.7461572067842231,22,SL_HIT,-14.83,-22.91
GNFC,"Agriculture, Fertilizers & Agro",2022-04-21,2022-05-06,1377,779.7290649414062,715.8838321361478,-30837.247444939825,-8.188130425798116,15,SL_HIT,-17.97,-10.47
ADANIGREEN,Energy & Power,2022-05-06,2022-05-10,1379,2874.800048828125,2512.550048828125,-45643.5,-12.600876368694461,4,SL_HIT,-27.2,-8.61
ADANIPOWER,Energy & Power,2022-05-10,2022-06-02,1396,53.5099983215332,58.349998474121094,-10102.289722442621,-3.0523377773849156,23,SL_HIT,-9.91,35.13
MRPL,Energy & Power,2022-05-30,2022-06-14,1404,75.01628112792969,100.5870506088645,100254.18128518952,32.18963766702332,15,TRAILING_SL_HIT,-31.22,-31.13
VRLLOG,Logistics & Transportation,2022-05-30,2022-06-16,1406,293.3212890625,293.907931640625,-6100.144279296835,-1.3978929650891563,17,SL_HIT,6.59,-0.09
ADANIPOWER,Energy & Power,2022-06-02,2022-06-17,1407,59.06999969482422,51.58857018607004,-46886.11873136246,-12.665362362291857,15,SL_HIT,11.17,49.08
MRPL,Energy & Power,2022-06-17,2022-07-04,1418,91.21517181396484,76.0769271850586,-62975.09765625,-16.59619154122847,17,STALE_ROTATION,-6.97,-25.1
MAHLIFE,Real Estate,2022-07-04,2022-07-06,1420,412.1143798828125,412.9386086425781,-1913.4985106607955,-0.4448642952246833,2,SL_HIT,-2.45,11.07
JKIL,Construction & Infrastructure,2022-07-06,2022-07-14,1426,281.8480224609375,282.41171850585937,-6860.189401967771,-1.5719654327671282,8,SL_HIT,6.45,-5.27
MAHLIFE,Real Estate,2022-07-06,2022-07-21,1431,421.3360900878906,420.4709777832031,-753.5128173828125,-0.2053259440716407,15,STALE_ROTATION,12.1,-5.53
MAHLIFE,Real Estate,2022-07-21,2022-07-29,1437,420.4709777832031,385.28852242176214,-31769.75719138121,-8.367392096103535,8,SL_HIT,31.28,-0.02
ADANIPOWER,Energy & Power,2022-07-15,2022-08-17,1448,57.349998474121094,76.08999633789062,98298.96988450199,31.009116253607065,33,T3_MOONBAG,4.93,-6.15
JKIL,Construction & Infrastructure,2022-08-17,2022-08-22,1451,314.3447265625,288.17416041735834,-36167.722412585776,-8.325435082474101,5,SL_HIT,-4.63,-3.76
NDTV,Telecom & Media,2022-07-29,2022-08-29,1456,256.6000061035156,449.04998779296875,237445.11660118558,73.01184399328945,31,T3_MOONBAG,-22.0,-14.13
ADANIPOWER,Energy & Power,2022-08-29,2022-09-05,1460,78.8499984741211,79.00769847106933,-7852.5340505219065,-1.4415994350523658,7,SL_HIT,-10.17,-16.36
SHOPERSTOP,Consumer Discretionary & Retail,2022-07-06,2022-09-06,1461,475.5,643.5999755859375,97920.17903645834,30.932756572190524,62,T3_MOONBAG,17.86,8.17
FINEORG,Chemicals & Specialty,2022-08-22,2022-09-06,1461,6050.87548828125,6214.6435546875,11627.53271484375,2.706518531465738,15,STALE_ROTATION,6.0,-2.55
ADANIPOWER,Energy & Power,2022-09-05,2022-09-14,1467,77.97000122070312,77.1500015258789,-17794.66269683835,-2.5430990999946683,9,SL_HIT,-10.08,-19.59
WELCORP,Metals & Mining,2022-09-06,2022-09-16,1469,243.68637084960938,244.1737435913086,-6819.827499389639,-1.2261229205440853,10,SL_HIT,-8.71,-3.26
NDTV,Telecom & Media,2022-09-14,2022-09-16,1469,465.6499938964844,466.58129388427733,-10247.574818359437,-1.4392947486922945,2,SL_HIT,-30.4,-19.37
NDTV,Telecom & Media,2022-09-16,2022-09-22,1473,465.5,405.94285801478793,-60629.17054094589,-12.794230286833958,6,SL_HIT,-20.37,-11.54
SHOPERSTOP,Consumer Discretionary & Retail,2022-09-06,2022-09-26,1475,643.5999755859375,691.0250244140625,23116.649780273438,5.812327731133276,20,TRAILING_SL_HIT,5.0,-3.09
ADANIPOWER,Energy & Power,2022-09-22,2022-09-27,1476,79.25,72.79000091552734,-37732.854652404785,-8.151418403120072,5,SL_HIT,-7.29,-27.96
FINEORG,Chemicals & Specialty,2022-09-16,2022-10-03,1480,6933.59423828125,6578.63232421875,-24137.41015625,-5.11945034370068,17,STALE_ROTATION,-9.38,-14.74
SHOPERSTOP,Consumer Discretionary & Retail,2022-10-04,2022-10-12,1486,758.5499877929688,758.8499755859375,1125.9532024305759,0.21550146615689292,8,TRAILING_SL_HIT,-3.78,-6.4
FINEORG,Chemicals & Specialty,2022-10-17,2022-10-28,1497,6989.43994140625,6477.100604469177,-34326.73557478391,-7.330191563731965,11,SL_HIT,-6.21,-19.2
MAZDOCK,Capital Goods & Engineering,2022-10-03,2022-11-02,1500,246.59759521484375,348.1095275878906,141292.34780219523,37.33594455056751,30,T3_MOONBAG,27.26,0.64
COCHINSHIP,Capital Goods & Engineering,2022-11-02,2022-11-09,1504,276.3790588378906,276.93181695556643,-1400.1377897135262,-0.24248239938924623,7,SL_HIT,8.31,-15.97
DEEPAKFERT,"Agriculture, Fertilizers & Agro",2022-10-28,2022-11-10,1505,931.835205078125,843.9609258842914,-45606.75090159962,-9.430238170328217,13,SL_HIT,-8.55,-24.96
COCHINSHIP,Capital Goods & Engineering,2022-11-10,2022-11-21,1512,278.4195556640625,291.17990629087427,6671.726437117133,1.59883700044668,11,TRAILING_SL_HIT,1.74,-18.46
NDTV,Telecom & Media,2022-11-09,2022-11-22,1513,368.75,363.5,-18326.75269717117,-4.311332563888874,13,SL_HIT,-1.21,-45.79
COCHINSHIP,Capital Goods & Engineering,2022-11-22,2022-12-06,1523,311.1516418457031,311.7739451293945,-6830.057805297834,-0.8848103996642651,14,SL_HIT,-17.78,-27.46
RVNL,Logistics & Transportation,2022-12-06,2022-12-21,1534,69.08399200439453,67.06904602050781,-14942.839416503906,-2.9166611908566966,15,STALE_ROTATION,11.8,-9.94
MAZDOCK,Capital Goods & Engineering,2022-11-21,2022-12-22,1535,375.9231872558594,387.64272886831577,-3725.849881245082,-0.8523818477722144,31,SL_HIT,-7.52,-17.65
UNIONBANK,Banking & Finance,2022-12-21,2022-12-23,1536,71.90169525146484,62.623037206449126,-66073.32393855692,-12.904644337751806,2,SL_HIT,14.89,-8.16
IOB,Banking & Finance,2022-12-29,2023-01-04,1544,31.399999618530273,31.462799617767335,-4046.23536697002,-0.5390925924325433,6,SL_HIT,-14.98,-26.26
BANKBARODA,Banking & Finance,2022-12-29,2023-01-13,1551,163.96026611328125,163.56219482421875,-1205.7579345703125,-0.24278521772309755,15,STALE_ROTATION,-10.65,-4.62
FACT,"Agriculture, Fertilizers & Agro",2023-01-18,2023-01-20,1556,335.3932189941406,326.4228456539512,-14274.753731271527,-1.9656699466113383,2,SL_HIT,-26.43,0.98
RVNL,Logistics & Transportation,2023-01-18,2023-01-30,1561,74.98491668701172,68.85782377613442,-39850.612292345926,-8.171100511389353,12,SL_HIT,-14.65,68.82
FACT,"Agriculture, Fertilizers & Agro",2023-01-23,2023-01-30,1561,328.2667236328125,285.94922491259905,-62460.628111035054,-12.891193555015434,7,SL_HIT,-22.27,22.15
KARURVYSYA,Banking & Finance,2022-10-04,2023-02-17,1575,64.49159240722656,79.27780952943452,80870.46069048936,21.327798083991485,136,TRAILING_SL_HIT,-1.86,7.19
PNBHOUSING,Banking & Finance,2023-02-08,2023-02-20,1576,476.4096374511719,477.36245672607424,-3008.33215801999,-0.43184943163789125,12,SL_HIT,-14.19,-2.39
NCC,Construction & Infrastructure,2023-02-08,2023-02-23,1579,90.21145629882812,85.19971466064453,-25665.128929138184,-5.555548977706391,15,STALE_ROTATION,14.17,27.23
PNBHOUSING,Banking & Finance,2023-03-06,2023-03-13,1590,480.5388488769531,488.9782700700777,-1051.7515558553139,-0.26881388421833846,7,SL_HIT,-14.51,12.89
TDPOWERSYS,Capital Goods & Engineering,2023-02-17,2023-03-14,1591,68.12638092041016,71.35832861814441,-14003.204508559373,-3.40322145252902,25,SL_HIT,9.52,50.85
KPITTECH,IT & Technology,2023-03-06,2023-03-14,1591,815.7177124023438,762.2308589472312,-30113.098495228343,-6.557029796201203,8,SL_HIT,10.02,40.02
SONATSOFTW,IT & Technology,2023-03-14,2023-03-29,1602,393.31768798828125,355.9194549349443,-42633.98568080409,-9.508403561665192,15,SL_HIT,12.61,34.26
SONATSOFTW,IT & Technology,2023-03-31,2023-04-05,1605,394.1188049316406,394.9070425415039,-3624.835335769737,-0.6979246734984114,5,SL_HIT,3.5,18.71
TDPOWERSYS,Capital Goods & Engineering,2023-03-29,2023-04-10,1607,77.55470275878906,77.70981216430664,337.1725692749571,0.05103552487562927,12,TRAILING_SL_HIT,13.14,49.96
SONATSOFTW,IT & Technology,2023-04-05,2023-04-13,1610,396.47509765625,397.2680478515625,-2793.911514811137,-0.5388992511963893,8,SL_HIT,5.0,13.43
SONATSOFTW,IT & Technology,2023-04-13,2023-04-28,1620,399.9389343261719,402.8136291503906,3188.0365600585938,0.7187834385422153,15,STALE_ROTATION,12.65,24.23
NCC,Construction & Infrastructure,2023-03-31,2023-05-09,1626,101.2850341796875,109.6754496940419,26429.572971512676,7.106411492709791,39,TRAILING_SL_HIT,9.32,32.34
IRCON,Logistics & Transportation,2023-05-09,2023-05-15,1630,74.12303161621094,74.27127767944336,-1697.6122695917704,-0.31345808228537564,6,SL_HIT,7.7,28.08
RVNL,Logistics & Transportation,2023-05-15,2023-05-30,1641,118.60322570800781,113.54269409179688,-20171.279022216797,-4.266774015632243,15,STALE_ROTATION,7.23,8.05
HGINFRA,Construction & Infrastructure,2023-04-10,2023-06-12,1650,833.3206176757812,870.7761577722263,11582.263951652607,3.0811012286212485,63,TRAILING_SL_HIT,0.55,11.22
RVNL,Logistics & Transportation,2023-06-12,2023-06-27,1661,121.64938354492188,121.74763488769531,397.2301788330078,0.08076600136420412,15,STALE_ROTATION,8.35,34.96
SONATSOFTW,IT & Technology,2023-04-28,2023-07-11,1670,402.8136291503906,450.3685327068032,40947.431497432124,10.49785409777505,74,TRAILING_SL_HIT,7.48,9.84
FACT,"Agriculture, Fertilizers & Agro",2023-07-11,2023-07-18,1675,474.1354064941406,475.0836773071289,-4680.739468689024,-0.7493200244308802,7,SL_HIT,-4.5,15.23
MAZDOCK,Capital Goods & Engineering,2023-06-27,2023-07-21,1678,604.6932373046875,905.849609375,200195.06708436305,48.04429663042564,24,T3_MOONBAG,0.19,15.2
FACT,"Agriculture, Fertilizers & Agro",2023-07-18,2023-07-24,1679,482.1091003417969,483.0733185424805,-2215.291843322737,-0.27077632293945386,6,SL_HIT,-6.36,50.42
TDPOWERSYS,Capital Goods & Engineering,2023-05-30,2023-08-07,1689,95.89166259765625,118.00365889681102,82294.69216118791,20.31664618023266,69,TRAILING_SL_HIT,19.24,2.39
FACT,"Agriculture, Fertilizers & Agro",2023-07-24,2023-08-08,1690,483.4048156738281,472.24163818359375,-13105.570373535156,-2.309281399001743,15,STALE_ROTATION,15.29,51.97
INOXWIND,Energy & Power,2023-07-21,2023-08-16,1695,47.337501525878906,48.95312540871756,-2214.1878443166233,-0.45941813773943563,26,SL_HIT,0.94,30.81
FORCEMOT,Automobiles & Auto Ancillaries,2023-08-08,2023-08-17,1696,2727.718017578125,3465.860595703125,111600.93505859372,22.708095390115464,9,T3_MOONBAG,6.51,-3.72
NEWGEN,IT & Technology,2023-08-16,2023-08-24,1701,453.92901611328125,454.8368741455078,-8967.657099853495,-1.2922590085087615,8,SL_HIT,-7.0,40.54
RVNL,Logistics & Transportation,2023-08-17,2023-09-04,1708,122.68113708496094,151.7177734375,112712.17379760742,22.718216917159882,18,T3_MOONBAG,11.09,11.9
MAZDOCK,Capital Goods & Engineering,2023-08-07,2023-09-12,1714,879.542724609375,994.3927804196444,56250.15614375897,11.973630664519531,36,TRAILING_SL_HIT,4.93,2.43
FACT,"Agriculture, Fertilizers & Agro",2023-08-24,2023-09-12,1714,466.0121765136719,490.0115354327345,-2311.3837986334033,-0.4336604790029463,19,SL_HIT,9.37,63.19
FORCEMOT,Automobiles & Auto Ancillaries,2023-09-04,2023-09-13,1715,3451.86279296875,3522.635424139117,3489.6441819649913,0.5826940751500992,9,TRAILING_SL_HIT,11.06,-5.27
COCHINSHIP,Capital Goods & Engineering,2023-09-12,2023-09-20,1719,518.5709838867188,519.6081258544922,-5671.346744506751,-0.4708827966287558,8,SL_HIT,-3.9,23.74
RVNL,Logistics & Transportation,2023-09-13,2023-09-28,1725,163.8041229248047,163.5706787109375,-1225.8155670166016,-0.14251424793156858,15,STALE_ROTATION,-5.87,6.8
MAZDOCK,Capital Goods & Engineering,2023-09-12,2023-10-09,1731,1006.5345458984375,1008.5476149902344,-25621.57759399411,-2.673012613857293,27,SL_HIT,-4.71,10.13
IRCON,Logistics & Transportation,2023-09-20,2023-10-09,1731,134.47360229492188,132.9317898097579,-33324.63114838558,-2.3823728709169933,19,SL_HIT,10.55,33.49
IRFC,Logistics & Transportation,2023-09-29,2023-10-16,1736,73.15634155273438,72.91742706298828,-1737.3861694335938,-0.32658069645797344,17,STALE_ROTATION,-2.63,50.23
RVNL,Logistics & Transportation,2023-10-10,2023-10-19,1739,162.8321075439453,163.1577717590332,-7627.946860656699,-0.7998965203218683,9,SL_HIT,-0.59,45.1
FORCEMOT,Automobiles & Auto Ancillaries,2023-10-10,2023-10-20,1740,3965.53759765625,3676.254364592606,-59013.779544983336,-7.294931038722688,10,SL_HIT,-9.23,85.93
MAZDOCK,Capital Goods & Engineering,2023-10-16,2023-10-23,1741,1054.1541748046875,987.4414973738443,-50701.63484744083,-6.328550322651205,7,SL_HIT,-2.66,15.0
SUZLON,Energy & Power,2023-10-19,2023-10-23,1741,31.600000381469727,31.663200382232667,-8992.175142383494,-0.7422947614504185,4,SL_HIT,17.96,32.17
SUZLON,Energy & Power,2023-10-23,2023-10-26,1743,31.799999237060547,31.25,-20536.77761650082,-1.8324558525828842,3,SL_HIT,29.92,31.84
SUZLON,Energy & Power,2023-10-26,2023-10-30,1745,31.399999618530273,31.462799617767335,-5680.219319038333,-0.5390705677828995,4,SL_HIT,25.86,37.46
FACT,"Agriculture, Fertilizers & Agro",2023-11-06,2023-11-10,1754,717.6524047851562,719.0877095947266,-10315.892106445297,-0.9523580187703747,4,SL_HIT,11.2,5.98
NEWGEN,IT & Technology,2023-11-06,2023-11-16,1757,567.3316040039062,568.4662672119141,-12487.61096582023,-1.15013482324798,10,SL_HIT,25.25,26.82
SUZLON,Energy & Power,2023-10-30,2023-11-22,1761,31.549999237060547,37.75,68131.10946027591,10.91554075672258,23,TRAILING_SL_HIT,-1.72,21.32
FACT,"Agriculture, Fertilizers & Agro",2023-11-10,2023-11-28,1764,720.648193359375,715.50537109375,-4921.680908203125,-0.7136384040111459,18,STALE_ROTATION,12.18,10.58
BSE,Banking & Finance,2023-11-28,2023-12-11,1773,774.13720703125,775.6854814453125,-13727.382131347656,-1.5904686208748113,13,SL_HIT,-2.23,-4.66
SUZLON,Energy & Power,2023-11-22,2023-12-14,1776,37.349998474121094,37.424698471069334,-11846.386336360338,-1.4274253071029899,22,SL_HIT,19.97,-0.2
FACT,"Agriculture, Fertilizers & Agro",2023-12-14,2023-12-20,1780,778.0183715820312,779.5744083251953,-5595.285139797392,-0.7315047181049203,6,SL_HIT,3.81,-18.02
BSE,Banking & Finance,2023-12-11,2023-12-21,1781,775.6697998046875,757.4101934332459,-18390.89143196753,-1.774582721600356,10,SL_HIT,-0.96,-11.53
SJVN,Energy & Power,2023-12-21,2024-01-10,1794,85.50578308105469,85.6767946472168,-6727.793611954736,-0.8834454500810959,20,SL_HIT,55.94,48.28
NEWGEN,IT & Technology,2023-11-16,2024-01-15,1797,583.5809936523438,841.2918701171875,232867.09511777357,41.79942547236963,60,T3_MOONBAG,-14.3,-10.51
INOXWIND,Energy & Power,2024-01-10,2024-01-25,1804,113.9375,117.36250305175781,20036.267852783203,3.0060366883228196,15,STALE_ROTATION,30.27,36.46
FACT,"Agriculture, Fertilizers & Agro",2023-12-20,2024-02-08,1813,751.6550903320312,775.9926867618777,9139.876145029837,1.6820818238919417,50,TRAILING_SL_HIT,-8.49,-15.08
COCHINSHIP,Capital Goods & Engineering,2024-01-15,2024-02-12,1815,757.57275390625,806.5397494669614,31407.493470172398,5.4764847977315,28,TRAILING_SL_HIT,0.12,64.4
IRFC,Logistics & Transportation,2024-02-08,2024-02-12,1815,156.4480743408203,131.68328433031047,-118920.52163046825,-15.829399060905047,4,SL_HIT,0.32,15.4
SUZLON,Energy & Power,2024-01-25,2024-02-13,1816,42.54999923706055,43.650001525878906,9793.79783011593,1.5904237181344305,19,TRAILING_SL_HIT,-14.43,-3.32
IRFC,Logistics & Transportation,2024-02-13,2024-02-21,1822,148.23684692382812,148.53332061767577,-10299.45567169205,-0.972205964083753,8,SL_HIT,-12.04,19.67
BSE,Banking & Finance,2024-02-12,2024-02-27,1826,778.5867309570312,789.7435302734375,9974.178588867188,1.4329552345045005,15,STALE_ROTATION,5.0,6.62
INOXWIND,Energy & Power,2024-02-12,2024-03-05,1831,122.9749984741211,131.2624969482422,30194.214111328125,5.118619276388505,22,TRAILING_SL_HIT,0.81,11.53
MRPL,Energy & Power,2024-02-21,2024-03-07,1833,244.54501342773438,226.12171936035156,-54182.90785217285,-7.53370261333384,15,STALE_ROTATION,-2.57,-11.92
SOBHA,Real Estate,2024-02-27,2024-03-12,1835,1609.2015380859375,1409.9722184481382,-90051.6524762853,-12.38063194214768,14,SL_HIT,12.7,41.29
FORCEMOT,Automobiles & Auto Ancillaries,2024-03-07,2024-03-12,1835,6460.64697265625,6473.568266601563,-11533.078715820224,-1.1080650938894636,5,SL_HIT,34.48,39.23
ADANIGREEN,Energy & Power,2024-03-05,2024-03-13,1836,1947.4000244140625,1806.3214634486608,-50788.281947544616,-7.24445718376992,8,SL_HIT,0.49,-0.49
OIL,Energy & Power,2024-03-12,2024-03-15,1838,380.9009704589844,343.2584967991372,-66551.89343060977,-9.882483001943552,3,SL_HIT,10.93,27.08
SJVN,Energy & Power,2024-03-15,2024-03-19,1840,119.5602798461914,117.25735942112114,-16558.251494321394,-1.6762740847478692,4,SL_HIT,5.28,8.25
OFSS,IT & Technology,2024-03-13,2024-04-15,1856,7223.81689453125,7359.984363467674,460.98408646766984,0.08358158776832393,33,TRAILING_SL_HIT,-1.94,33.05
INOXWIND,Energy & Power,2024-04-15,2024-04-18,1858,135.5124969482422,135.78352194213866,-2411.111994384847,-0.22026252290815737,3,SL_HIT,12.25,22.61
FORCEMOT,Automobiles & Auto Ancillaries,2024-03-12,2024-04-22,1860,6440.24072265625,9807.28515625,284519.6263020833,49.18047856671769,41,T3_MOONBAG,-13.63,-16.63
COCHINSHIP,Capital Goods & Engineering,2024-03-21,2024-04-24,1862,884.3262329101562,1258.253662109375,221255.6497395833,38.54892213737502,34,T3_MOONBAG,50.05,103.83
BSE,Banking & Finance,2024-04-22,2024-04-29,1865,939.7753295898438,899.2844964234166,-53730.89979014135,-8.055088760790655,7,SL_HIT,-3.34,-9.8
MRPL,Energy & Power,2024-04-24,2024-04-29,1865,241.1512451171875,241.6335476074219,-1273.677280761698,-0.10120654266428711,5,SL_HIT,-13.44,-13.77
BSE,Banking & Finance,2024-04-29,2024-05-06,1869,913.3911743164062,915.2179566650391,-327.7433690185968,-0.027101220430570117,7,SL_HIT,-7.92,-4.28
INOXWIND,Energy & Power,2024-04-19,2024-05-07,1870,142.2624969482422,142.54702194213868,-10244.349276784242,-1.15487704072583,18,SL_HIT,-1.93,25.84
FORCEMOT,Automobiles & Auto Ancillaries,2024-04-29,2024-05-14,1875,9473.5224609375,9133.736328125,-28542.03515625,-3.586692639549353,15,STALE_ROTATION,-1.32,-8.41
COCHINSHIP,Capital Goods & Engineering,2024-05-06,2024-05-23,1881,1271.037109375,1865.8853759765625,305583.500989385,44.71937868893386,17,T3_MOONBAG,12.81,9.75
INOXWIND,Energy & Power,2024-05-07,2024-05-29,1885,142.5,138.0,-35937.60860069028,-5.390083885892078,22,SL_HIT,1.54,63.7
IRFC,Logistics & Transportation,2024-05-14,2024-06-04,1889,151.95606994628906,166.7552470663921,47173.5384433608,7.084476546339095,21,TRAILING_SL_HIT,2.24,3.88
BHEL,Capital Goods & Engineering,2024-05-23,2024-06-04,1889,302.9283447265625,303.5342014160156,-7791.226710937688,-0.5234523058502063,12,SL_HIT,1.93,-4.79
SOBHA,Real Estate,2024-05-29,2024-06-04,1889,1861.2596435546875,1864.982162841797,-12689.560953369095,-0.8815862777689081,6,SL_HIT,3.59,-9.94
HINDZINC,Metals & Mining,2024-06-05,2024-06-20,1900,628.4853515625,601.279052734375,-42713.88916015625,-4.328867611709079,15,STALE_ROTATION,-0.9,-20.5
FORCEMOT,Automobiles & Auto Ancillaries,2024-06-20,2024-06-27,1905,8924.8974609375,8942.747255859374,-14652.469557291653,-1.1904194616045047,7,SL_HIT,-5.69,-19.96
FORCEMOT,Automobiles & Auto Ancillaries,2024-06-27,2024-07-12,1916,8901.0078125,8312.1708984375,-60650.2021484375,-6.6153959918513445,15,STALE_ROTATION,-0.2,-12.84
COCHINSHIP,Capital Goods & Engineering,2024-06-04,2024-07-22,1921,1788.3951416015625,2438.4139952919622,243378.24058720257,27.034879814972502,48,TRAILING_SL_HIT,-16.02,-35.61
IRFC,Logistics & Transportation,2024-06-05,2024-07-23,1922,160.7952117919922,177.84521322731888,76400.93636156135,9.16090774752861,48,TRAILING_SL_HIT,-1.94,-18.69
OFSS,IT & Technology,2024-07-12,2024-07-23,1922,9792.2373046875,9811.821779296875,-11417.81284756911,-0.9372138457225923,11,SL_HIT,5.48,8.74
MAZDOCK,Capital Goods & Engineering,2024-07-23,2024-08-02,1930,2485.89208984375,2455.80832460296,-47093.33830789624,-2.9908011802481482,10,SL_HIT,-16.0,-19.52
COCHINSHIP,Capital Goods & Engineering,2024-07-22,2024-08-06,1932,2636.0,2290.939342962948,-129397.74638889446,-13.090313241162818,15,SL_HIT,-16.89,-35.41
IRFC,Logistics & Transportation,2024-07-23,2024-08-07,1933,187.54449462890625,176.21299743652344,-62402.55503845215,-6.042031366905444,15,STALE_ROTATION,-4.53,-12.98
RVNL,Logistics & Transportation,2024-08-07,2024-08-14,1938,557.1841430664062,558.2985113525391,-208.0900854492338,-0.01500265652724264,7,SL_HIT,-2.63,-20.68
SUZLON,Energy & Power,2024-08-06,2024-09-02,1950,66.2699966430664,72.754287311009,60293.607557160416,7.986773800622728,27,TRAILING_SL_HIT,10.03,-12.4
OIL,Energy & Power,2024-08-02,2024-09-05,1953,573.8823852539062,623.7155852007152,52275.858029537856,6.461185234699009,34,TRAILING_SL_HIT,-12.74,-24.83
RVNL,Logistics & Transportation,2024-09-02,2024-09-09,1955,592.0451049804688,549.1723098781048,-72583.6421083022,-7.241474465662261,7,SL_HIT,-12.32,-20.21
RVNL,Logistics & Transportation,2024-09-09,2024-09-19,1963,554.3283081054688,518.5458862376212,-63084.40975301527,-6.455095535377109,10,SL_HIT,-9.0,-10.72
KITEX,Textiles & Apparel,2024-09-19,2024-09-24,1966,152.9395751953125,153.24545434570314,-20992.955039062294,-1.442447567147148,5,SL_HIT,5.1,72.91
INOXWIND,Energy & Power,2024-09-05,2024-10-03,1972,222.47000122070312,229.79714420863561,12843.810725620824,1.53040244858716,28,TRAILING_SL_HIT,-2.61,-21.23
PCBL,Chemicals & Specialty,2024-09-24,2024-10-04,1973,506.7223205566406,507.7357651977539,-27711.64330374227,-2.3549950660219414,10,SL_HIT,-18.46,-13.72
KITEX,Textiles & Apparel,2024-10-03,2024-10-08,1975,184.98692321777344,158.6243232590446,-146734.23137028478,-14.251061372426754,5,SL_HIT,29.06,45.82
BSE,Banking & Finance,2024-10-14,2024-10-17,1982,1593.927001953125,1395.981580910648,-114808.34420463663,-12.41872562544732,3,SL_HIT,7.97,29.36
DEEPAKFERT,"Agriculture, Fertilizers & Agro",2024-08-14,2024-10-22,1985,938.7687377929688,970.4623433676111,1344.8984413147423,0.16140342708886124,69,TRAILING_SL_HIT,30.02,22.63
KITEX,Textiles & Apparel,2024-10-14,2024-10-22,1985,177.47373962402344,156.89325127415273,-107265.50527952611,-11.596356955947563,8,SL_HIT,41.34,55.23
DIXON,Capital Goods & Engineering,2024-10-22,2024-10-25,1988,14901.3681640625,14931.170900390625,1162.3067167968875,0.20000000000000212,3,TRAILING_SL_HIT,3.77,-1.49
KITEX,Textiles & Apparel,2024-10-25,2024-11-14,2002,168.5144500732422,191.00113343207732,92969.37910626743,12.75460216950852,20,TRAILING_SL_HIT,49.63,12.04
DEEPAKFERT,"Agriculture, Fertilizers & Agro",2024-11-25,2024-11-27,2009,1276.9827880859375,1279.5367536621093,-1242.5518315430754,-0.08933954849229722,2,SL_HIT,-8.23,-20.29
DEEPAKFERT,"Agriculture, Fertilizers & Agro",2024-11-27,2024-12-12,2020,1320.1273193359375,1322.7675739746094,-3214.2148980305356,-0.29653745364747214,15,SL_HIT,-14.61,-16.79
DEEPAKFERT,"Agriculture, Fertilizers & Agro",2024-12-12,2024-12-18,2024,1310.31494140625,1206.443783671309,-79876.92029816972,-7.9271902084444665,6,SL_HIT,-3.11,-8.6
KITEX,Textiles & Apparel,2024-11-14,2024-12-23,2027,202.25723266601562,258.2943456854583,159639.47973098897,19.797019753918985,39,TRAILING_SL_HIT,-4.78,-33.77
BSE,Banking & Finance,2024-11-25,2024-12-30,2031,1553.2626953125,1730.7244610145424,60211.68403083844,7.543171942740994,35,TRAILING_SL_HIT,4.19,-10.93
BHARAT,General,2024-12-30,2025-01-01,2033,66.94752502441406,67.0814200744629,-8.50096865826336,-0.0005871537061214758,2,SL_HIT,-28.24,-32.19
BHARAT,General,2025-01-01,2025-01-07,2037,68.28392028808594,60.53507308503459,-109336.23403505451,-11.347982321986503,6,SL_HIT,-21.76,-28.3
DIXON,Capital Goods & Engineering,2025-01-02,2025-01-08,2038,18333.7421875,17266.967461692424,-55472.285741993954,-5.818641469360828,6,SL_HIT,-13.55,-23.95
POLICYBZR,Consumer Discretionary & Retail,2025-01-02,2025-01-08,2038,2203.25,2054.335710797991,-64479.88722446992,-6.758846667514311,6,SL_HIT,-16.92,-26.78
KAYNES,Capital Goods & Engineering,2025-01-08,2025-01-13,2041,6970.64990234375,6238.328334263393,-95934.12541852675,-10.505786093691603,5,SL_HIT,-31.41,-22.52
AMBER,Capital Goods & Engineering,2025-01-13,2025-01-28,2052,7078.5,6093.0712890625,-124164.017578125,-13.921434074132938,15,SL_HIT,-1.09,3.65
WIPRO,IT & Technology,2025-01-28,2025-02-01,2056,286.9725341796875,287.54647924804686,1155.9253676757603,0.19999999999999635,4,TRAILING_SL_HIT,-6.79,-20.72
ZENSARTECH,IT & Technology,2025-01-31,2025-02-04,2058,835.4124755859375,837.0833005371094,-36103.29233862304,-3.4172290179872977,4,SL_HIT,-17.54,-17.32
BSE,Banking & Finance,2025-02-01,2025-02-11,2063,1790.9681396484375,1794.5500759277343,-25376.10426505486,-2.3800172324919977,10,SL_HIT,-25.86,32.42
LAURUSLABS,Pharmaceuticals & Healthcare,2025-02-04,2025-02-11,2063,610.0044555664062,611.2244644775391,-15242.119878173724,-1.1381899580262866,7,SL_HIT,-4.7,-1.41
NAVINFLUOR,Chemicals & Specialty,2025-03-18,2025-03-25,2091,4123.18017578125,4131.4265361328125,-3503.5300117186853,-0.26764233530185644,7,SL_HIT,7.28,11.24
SRF,Chemicals & Specialty,2025-03-25,2025-03-26,2092,2930.806396484375,2803.714378910044,-38890.157377745236,-4.336418049543737,1,SL_HIT,7.19,9.32
BAJFINANCE,Banking & Finance,2025-01-31,2025-04-03,2097,778.8863525390625,840.2737956399225,40794.71607834243,5.470649177952913,62,TRAILING_SL_HIT,5.64,9.17
AMBER,Capital Goods & Engineering,2025-03-18,2025-04-04,2098,6489.7001953125,6628.78240094866,1696.766938708999,0.22703607733407238,17,TRAILING_SL_HIT,-9.0,10.8
CHAMBLFERT,"Agriculture, Fertilizers & Agro",2025-03-26,2025-04-07,2099,597.6652221679688,562.8249833297049,-51598.3937194688,-5.829390358683497,12,SL_HIT,19.22,-3.22
KSCL,"Agriculture, Fertilizers & Agro",2025-04-03,2025-04-07,2099,1320.8828125,1304.2686480685259,-47322.720131549766,-4.444899208829387,4,SL_HIT,4.5,-10.64
KSCL,"Agriculture, Fertilizers & Agro",2025-04-07,2025-04-09,2101,1342.2724609375,1331.1299564951817,-26.937910727690905,-0.0021256769928196377,2,SL_HIT,10.75,-9.56
MAZDOCK,Capital Goods & Engineering,2025-04-15,2025-04-25,2110,2637.097412109375,2642.3716069335937,-4686.442993278881,-0.45155138983159926,10,SL_HIT,33.28,10.82
KITEX,Textiles & Apparel,2025-04-25,2025-05-02,2114,231.99742126464844,232.37641250988668,-15407.375491049574,-1.4782394444678209,7,SL_HIT,27.88,11.85
KSCL,"Agriculture, Fertilizers & Agro",2025-04-09,2025-05-08,2118,1364.7066650390625,1367.4360783691407,-12636.294791748078,-1.2517414454228732,29,SL_HIT,4.39,-19.25
KITEX,Textiles & Apparel,2025-05-02,2025-05-09,2119,241.35232543945312,236.9641049234997,-38521.060495141224,-2.899990715385943,7,SL_HIT,18.31,-9.12
KITEX,Textiles & Apparel,2025-05-09,2025-05-13,2121,253.4797821044922,253.98674166870117,-2280.7046030579145,-0.17182655409916273,4,SL_HIT,13.05,-21.59
KAYNES,Capital Goods & Engineering,2025-05-13,2025-05-19,2125,6285.5,6298.071,3420.165666666703,0.32236705869859905,6,TRAILING_SL_HIT,-11.12,-7.1
KITEX,Textiles & Apparel,2025-05-19,2025-05-21,2127,289.10418701171875,289.6823953857422,-8112.252532104376,-0.5649370961958461,2,SL_HIT,-9.49,-38.27
BSE,Banking & Finance,2025-04-15,2025-06-05,2138,1974.553955078125,2902.154296875,333412.1735026041,44.337106455969725,51,T3_MOONBAG,-3.08,-25.07
COROMANDEL,"Agriculture, Fertilizers & Agro",2025-05-21,2025-06-05,2138,2393.09326171875,2295.8427734375,-38316.6923828125,-4.063798508688436,15,STALE_ROTATION,-3.55,1.4
MAZDOCK,Capital Goods & Engineering,2025-05-08,2025-06-11,2142,2797.40869140625,3307.0219307683246,126595.24918118076,16.810497660262975,34,TRAILING_SL_HIT,-1.18,-19.89
KITEX,Textiles & Apparel,2025-06-05,2025-06-20,2149,280.7466125488281,255.96310424804688,-86122.69134521484,-8.82771409983472,15,STALE_ROTATION,8.83,-20.78
INTELLECT,IT & Technology,2025-06-11,2025-06-20,2149,1196.47314453125,1110.1948665399068,-69195.17894905724,-7.211050108871854,9,SL_HIT,4.55,-7.29
FORCEMOT,Automobiles & Auto Ancillaries,2025-06-05,2025-07-01,2156,12726.90234375,14647.341692715145,110221.45166710264,13.324508001411894,26,TRAILING_SL_HIT,21.75,21.25
BSE,Banking & Finance,2025-06-20,2025-07-04,2159,2681.036865234375,2686.3989389648436,-11309.743094728517,-0.9947783163519066,14,SL_HIT,-10.48,-24.25
PARAS,FMCG & Consumer Staples,2025-07-04,2025-07-07,2160,932.8814086914062,859.7448840776532,-77890.39871364702,-7.839852304093495,3,SL_HIT,-25.4,-19.62
DEEPAKFERT,"Agriculture, Fertilizers & Agro",2025-06-20,2025-07-08,2161,1513.0701904296875,1574.603276168299,25036.763053339895,3.086851834634484,18,TRAILING_SL_HIT,-3.02,-0.82
PARAS,FMCG & Consumer Staples,2025-07-07,2025-07-14,2165,884.4187622070312,802.4604627570292,-90072.17109555227,-9.26691098744654,7,SL_HIT,-18.68,-10.19
KITEX,Textiles & Apparel,2025-07-08,2025-07-21,2170,294.5595397949219,270.97282219319317,-77741.82121529782,-8.007453304058746,13,SL_HIT,-30.5,-29.3
GABRIEL,Automobiles & Auto Ancillaries,2025-07-21,2025-07-23,2172,973.7716674804688,975.7192108154297,162.0789642334097,0.01118726501300742,2,TRAILING_SL_HIT,22.22,32.16
FORCEMOT,Automobiles & Auto Ancillaries,2025-07-01,2025-07-25,2174,14703.5380859375,16976.697645232827,93589.70561100397,10.503202486978697,24,TRAILING_SL_HIT,18.56,-1.78
RBLBANK,Banking & Finance,2025-07-14,2025-07-29,2176,261.748046875,254.1653289794922,-27881.653701782227,-2.8969529996642165,15,STALE_ROTATION,-1.92,26.38
GABRIEL,Automobiles & Auto Ancillaries,2025-07-23,2025-07-31,2178,999.0623779296875,1001.0605026855469,-18387.33390698243,-1.25689467494589,8,SL_HIT,22.04,28.3
BSE,Banking & Finance,2025-08-18,2025-08-22,2193,2488.24462890625,2309.3302723327197,-70850.08520311801,-7.190384518268815,4,SL_HIT,-6.88,25.05
GABRIEL,Automobiles & Auto Ancillaries,2025-08-18,2025-08-25,2194,1139.5283203125,1141.807376953125,-14044.307677734452,-0.9394383832896496,7,SL_HIT,12.5,-10.87
FORCEMOT,Automobiles & Auto Ancillaries,2025-07-31,2025-09-01,2198,16906.673828125,19201.928926861467,514.2916143503389,0.05582975804955662,32,TRAILING_SL_HIT,-11.71,-10.18
GABRIEL,Automobiles & Auto Ancillaries,2025-08-25,2025-09-18,2211,1128.19970703125,1189.2941219114105,21293.208360619803,2.583202691465244,24,TRAILING_SL_HIT,3.48,-18.19
NESCO,Real Estate,2025-09-05,2025-09-24,2215,1412.70263671875,1437.9010776448317,-6171.15394505825,-0.7434332793932094,19,SL_HIT,-7.79,-13.13
GABRIEL,Automobiles & Auto Ancillaries,2025-09-18,2025-09-25,2216,1242.480712890625,1244.9656743164062,-8592.72676904295,-0.7390474609770185,7,SL_HIT,-0.66,-14.84
LAURUSLABS,Pharmaceuticals & Healthcare,2025-08-22,2025-09-26,2217,877.5015258789062,878.699407500839,-22946.74010318751,-1.9707306803045654,35,SL_HIT,9.01,23.33
SYRMA,Capital Goods & Engineering,2025-09-24,2025-09-30,2219,857.5228881835938,789.3905831895171,-78488.41535317631,-7.945246235747085,6,SL_HIT,4.17,-9.78
SUBROS,Automobiles & Auto Ancillaries,2025-09-30,2025-10-08,2224,1085.300048828125,1087.4706489257812,-9102.018675292986,-0.8083969080619084,8,SL_HIT,-6.92,-16.36
KIOCL,Metals & Mining,2025-10-03,2025-10-08,2224,528.7999877929688,543.4428449358259,-27472.289126441585,-3.256077495506699,5,SL_HIT,-25.86,-28.89
GABRIEL,Automobiles & Auto Ancillaries,2025-10-03,2025-10-09,2225,1284.8165283203125,1287.3861613769532,-4205.160390006275,-0.37620166822279566,6,SL_HIT,-1.79,-19.02
SUBROS,Automobiles & Auto Ancillaries,2025-10-08,2025-10-13,2227,1102.5,1104.705,-24039.630000000096,-1.6291184327693744,5,SL_HIT,-18.0,-22.82
SYRMA,Capital Goods & Engineering,2025-10-13,2025-10-15,2229,828.7522583007812,803.2283361000124,-27579.642135185255,-1.988951899437677,2,SL_HIT,11.23,-12.83
KIOCL,Metals & Mining,2025-10-08,2025-10-17,2231,518.8499755859375,441.26426478794644,-144542.17921665733,-14.95339972028976,9,SL_HIT,-18.69,-14.03
MUTHOOTFIN,Banking & Finance,2025-10-15,2025-10-21,2233,3232.9638671875,3239.429794921875,1247.9240527343504,0.19999999999999607,6,TRAILING_SL_HIT,13.18,20.49
GABRIEL,Automobiles & Auto Ancillaries,2025-10-09,2025-10-24,2235,1285.115234375,1232.2203369140625,-39935.64758300781,-4.115965327160897,15,STALE_ROTATION,-14.62,-28.31
KIOCL,Metals & Mining,2025-10-17,2025-10-27,2236,444.04998779296875,444.9380877685547,-7761.7836486817205,-0.5613820849502505,10,SL_HIT,-24.16,-22.51
SUBROS,Automobiles & Auto Ancillaries,2025-10-21,2025-11-03,2241,1075.5,1077.651,-11580.835893880067,-1.0663764094324306,13,SL_HIT,-17.97,-24.95
TDPOWERSYS,Capital Goods & Engineering,2025-10-27,2025-11-03,2241,322.19158935546875,407.2795104980469,194079.4316609701,24.90373411492009,7,T3_MOONBAG,-2.81,-16.98
FORTIS,Pharmaceuticals & Healthcare,2025-10-24,2025-11-10,2245,1036.2008056640625,991.6480102539062,-39429.22393798828,-4.299629489440902,17,STALE_ROTATION,-13.29,-13.38
BAJAJCON,FMCG & Consumer Staples,2025-11-03,2025-11-11,2246,286.1000061035156,286.67220611572264,-13695.121145844369,-1.2040194390621994,8,SL_HIT,-10.19,26.87
LAURUSLABS,Pharmaceuticals & Healthcare,2025-11-11,2025-11-19,2252,984.7196044921875,986.6890437011718,-8042.388028320396,-0.7148952129038816,8,SL_HIT,2.26,2.32
SOUTHBANK,Banking & Finance,2025-11-03,2025-11-20,2253,37.21411895751953,37.28854719543457,-12482.731909413193,-1.0983041646287108,17,SL_HIT,3.94,6.92
RBLBANK,Banking & Finance,2025-11-10,2025-11-25,2256,323.163330078125,307.4540100097656,-46735.22720336914,-4.861108487946833,15,STALE_ROTATION,-1.51,7.88
TDPOWERSYS,Capital Goods & Engineering,2025-11-19,2025-12-03,2262,380.72821044921875,381.48966687011716,-18304.44930944841,-1.2446624555729657,14,SL_HIT,-11.78,18.28
INDIANB,Banking & Finance,2025-11-25,2025-12-03,2262,854.8885498046875,819.7583516593527,-38643.2179598683,-4.109330760525551,8,SL_HIT,-0.55,18.31
NATIONALUM,Metals & Mining,2025-12-03,2025-12-08,2265,261.2354431152344,261.7579140014648,1247.1380054320866,0.19999999999999318,5,TRAILING_SL_HIT,29.83,50.13
LAURUSLABS,Pharmaceuticals & Healthcare,2025-11-20,2025-12-09,2266,986.1181640625,988.090400390625,-14269.162832031307,-1.2752231005957855,19,SL_HIT,14.1,3.75
MUTHOOTFIN,Banking & Finance,2025-12-08,2025-12-17,2272,3744.042236328125,3751.5303208007813,1243.022022460943,0.20000000000000087,9,TRAILING_SL_HIT,4.09,-11.16
SOUTHBANK,Banking & Finance,2025-12-03,2025-12-18,2273,39.273868560791016,38.75893020629883,-12257.592590332031,-1.3111475221625484,15,STALE_ROTATION,12.39,-5.57
MUTHOOTFIN,Banking & Finance,2025-12-17,2025-12-29,2279,3734.91943359375,3742.3892724609377,1239.9932519531612,0.20000000000000587,12,TRAILING_SL_HIT,2.47,-12.03
M&MFIN,Banking & Finance,2025-12-29,2026-01-05,2284,377.897705078125,378.6535004882812,-14881.572126953199,-1.3321111638956447,7,SL_HIT,-6.39,-27.36
AUBANK,Banking & Finance,2025-12-18,2026-01-08,2287,986.6918334960938,988.6652171630859,1237.3115592040863,0.19999999999999754,21,TRAILING_SL_HIT,0.14,-2.69
LAURUSLABS,Pharmaceuticals & Healthcare,2025-12-09,2026-01-12,2289,1020.3840942382812,1065.9476057323043,23765.086754725256,3.026284888298134,34,TRAILING_SL_HIT,-9.43,1.95
MUTHOOTFIN,Banking & Finance,2026-01-05,2026-01-20,2294,3888.1240234375,3897.445068359375,2274.3349609375,0.2397311625269155,15,STALE_ROTATION,-12.05,-7.97
NATIONALUM,Metals & Mining,2026-01-20,2026-01-30,2301,351.8591613769531,389.2293030239601,33483.64691571824,10.62076698550749,10,TRAILING_SL_HIT,-9.58,1.82
NATIONALUM,Metals & Mining,2026-01-30,2026-02-02,2302,377.835693359375,340.24323427538775,-95672.80836874756,-9.949419746384713,3,SL_HIT,5.85,18.96
NATIONALUM,Metals & Mining,2026-02-02,2026-02-05,2305,362.39678955078125,352.88840212110796,-29928.88417733619,-2.724585002766824,3,SL_HIT,11.42,13.49
VEDL,Metals & Mining,2026-02-03,2026-02-13,2311,664.5514526367188,665.8805555419922,-14997.696781860448,-1.0449019835608646,10,SL_HIT,1.27,-50.28
NATIONALUM,Metals & Mining,2026-02-05,2026-02-13,2311,356.662353515625,357.30748457390104,-10904.399170485289,-0.7715360706934786,8,SL_HIT,3.4,12.67
ASHOKLEY,Automobiles & Auto Ancillaries,2026-02-03,2026-03-02,2322,196.51760864257812,196.6945960407497,-17148.240708090554,-1.5291927578950921,27,SL_HIT,-25.8,-25.13
KARURVYSYA,Banking & Finance,2026-02-16,2026-03-02,2322,313.9085998535156,312.56899605584726,-27376.713153738103,-2.451617417806449,14,SL_HIT,-13.44,-9.11
SHRIRAMFIN,Banking & Finance,2026-02-16,2026-03-04,2323,1079.2947998046875,1006.9184753699849,-62822.64960932187,-6.705890220892388,16,SL_HIT,-8.36,-9.97
NATIONALUM,Metals & Mining,2026-03-04,2026-03-16,2331,370.7065124511719,376.7360742100508,-2868.319617460197,-0.3696618080959626,12,SL_HIT,15.59,-0.22
NATIONALUM,Metals & Mining,2026-03-16,2026-03-20,2335,369.46588134765625,366.2898013444322,-31197.34715631204,-2.8512330952447287,4,SL_HIT,19.02,0.14
NATIONALUM,Metals & Mining,2026-03-20,2026-05-04,2361,365.7439270019531,387.8895084846384,7303.809418483995,0.9104478695073569,45,TRAILING_SL_HIT,11.66,-12.74
TDPOWERSYS,Capital Goods & Engineering,2026-04-08,2026-05-07,2364,441.86846923828125,622.0425415039062,304971.5614318847,38.58224478494509,29,T3_MOONBAG,6.44,-15.1
BAJAJCON,FMCG & Consumer Staples,2026-04-08,2026-05-11,2366,389.45001220703125,539.25,270660.05041503906,33.57139639101646,33,T3_MOONBAG,6.69,-2.87
SANSERA,Automobiles & Auto Ancillaries,2026-05-07,2026-05-14,2369,2548.10009765625,2341.2287946428573,-86472.20465959814,-8.118648996704387,7,SL_HIT,22.22,61.77
NATIONALUM,Metals & Mining,2026-05-04,2026-05-19,2372,404.7499694824219,397.9385986328125,-17280.447845458984,-1.6828588914582217,15,STALE_ROTATION,-8.1,-2.74
TDPOWERSYS,Capital Goods & Engineering,2026-05-25,2026-05-27,2378,650.2650146484375,651.5655446777344,-23732.3127502442,-1.4503138514780711,2,SL_HIT,-3.18,18.61
ADANIPOWER,Energy & Power,2026-05-25,2026-06-01,2380,233.3800048828125,233.84676489257814,-17432.84636213371,-1.3704844436723167,7,SL_HIT,-2.91,-12.89
HFCL,Telecom & Media,2026-05-27,2026-06-08,2385,173.9199981689453,177.8699951171875,10096.709184480262,1.104747818621414,12,TRAILING_SL_HIT,26.47,40.04
BAJAJCON,FMCG & Consumer Staples,2026-05-19,2026-07-14,2410,526.75,597.8214329310825,105771.21747902782,11.857856131103937,56,TRAILING_SL_HIT,-9.51,
HFCL,Telecom & Media,2026-06-12,2026-07-24,2418,171.86000061035156,198.75249644688196,128459.90926797038,13.75269310023845,42,TRAILING_SL_HIT,14.72,
SYRMA,Capital Goods & Engineering,2026-07-14,2026-07-24,2418,1420.34716796875,1312.8000519533612,-90877.31303300356,-7.571889354994303,10,SL_HIT,9.64,
SANSERA,Automobiles & Auto Ancillaries,2026-06-12,2026-08-05,2426,2914.199951171875,3742.800048828125,252917.38278225253,27.310986067197856,54,T3_MOONBAG,1.81,
GABRIEL,Automobiles & Auto Ancillaries,2026-07-27,2026-08-17,2434,1434.831298828125,1437.7009614257813,-26481.182179687436,-1.8374666504696633,21,SL_HIT,-6.35,
WELCORP,Metals & Mining,2026-07-27,2026-08-21,2438,1599.800048828125,2311.89990234375,429570.3177083334,41.64317217473022,25,T3_MOONBAG,15.06,
PARAS,FMCG & Consumer Staples,2026-08-05,2026-08-25,2440,1295.300048828125,1407.4285670689173,92065.13883851859,7.361549683426295,20,TRAILING_SL_HIT,-2.27,
SANSERA,Automobiles & Auto Ancillaries,2026-08-21,2026-09-01,2445,3876.89990234375,3884.6537021484373,-26985.06189746095,-1.0010253334011379,11,SL_HIT,12.29,
HFCL,Telecom & Media,2026-08-17,2026-09-03,2447,219.5,224.96499797276087,10969.492455762249,0.8767989338951454,17,TRAILING_SL_HIT,,
PARAS,FMCG & Consumer Staples,2026-08-25,2026-09-10,2452,1445.199951171875,1448.0903510742187,2494.415115722603,0.1999999999999957,16,TRAILING_SL_HIT,,
HFCL,Telecom & Media,2026-09-10,2026-09-17,2456,233.32000732421875,208.89999389648438,-195189.16732788086,-10.46631778722714,7,SL_HIT,,
WELCORP,Metals & Mining,2026-09-17,2026-09-29,2464,2460.300048828125,2842.0,168930.5958186106,12.472896873588947,12,AUDIT_END,,
