mode,final_val,cagr,multiple,max_dd,calmar,win_rate,trades,long_trades,short_trades,short_win_rate,profit_factor,payoff_ratio,regime,strategy_label
LONG_ONLY,4249511.2,27.78,8.5,47.46,0.59,26.1,398,398,0,0.0,0.86,2.05,Phase 1: Full Multi-Regime Cycle (2018 - 2026),1. Long-Only Champion (Baseline)
SHORT_ONLY,611727.57,2.34,1.22,32.6,0.07,51.2,363,0,363,51.2,0.55,0.53,Phase 1: Full Multi-Regime Cycle (2018 - 2026),2. Airtight Short-Only Strategy
BI_DIRECTIONAL,1686422.66,14.94,3.37,53.8,0.28,34.4,590,365,225,48.9,0.68,1.12,Phase 1: Full Multi-Regime Cycle (2018 - 2026),3. Bi-Directional Fusion (Long Bull + Short Bear)
LONG_ONLY,350077.37,-30.05,0.7,32.39,-0.93,17.9,39,39,0,0.0,0.07,0.26,Phase 2: 2018 Small/Mid-Cap Carnage & NBFC Crisis,1. Long-Only Champion (Baseline)
SHORT_ONLY,405235.07,-19.0,0.81,22.12,-0.86,43.2,88,0,88,43.2,0.43,0.56,Phase 2: 2018 Small/Mid-Cap Carnage & NBFC Crisis,2. Airtight Short-Only Strategy
BI_DIRECTIONAL,312408.18,-37.6,0.62,40.34,-0.93,35.4,82,28,54,46.3,0.16,0.25,Phase 2: 2018 Small/Mid-Cap Carnage & NBFC Crisis,3. Bi-Directional Fusion (Long Bull + Short Bear)
LONG_ONLY,428711.22,-26.67,0.86,29.41,-0.91,23.1,26,26,0,0.0,0.14,0.36,Phase 3: 2020 COVID-19 Flash Crash,1. Long-Only Champion (Baseline)
SHORT_ONLY,554689.08,23.28,1.11,9.42,2.47,64.7,17,0,17,64.7,0.83,0.46,Phase 3: 2020 COVID-19 Flash Crash,2. Airtight Short-Only Strategy
BI_DIRECTIONAL,463907.38,-14.02,0.93,22.84,-0.61,34.3,35,23,12,75.0,0.25,0.43,Phase 3: 2020 COVID-19 Flash Crash,3. Bi-Directional Fusion (Long Bull + Short Bear)
LONG_ONLY,519933.68,4.03,1.04,41.98,0.1,23.1,65,65,0,0.0,0.58,1.74,Phase 4: 2022 Inflation & Geopolitical Chop,1. Long-Only Champion (Baseline)
SHORT_ONLY,611077.38,22.49,1.22,5.23,4.3,61.3,31,0,31,61.3,1.2,0.76,Phase 4: 2022 Inflation & Geopolitical Chop,2. Airtight Short-Only Strategy
BI_DIRECTIONAL,518234.68,3.69,1.04,38.12,0.1,37.5,64,44,20,45.0,0.52,0.79,Phase 4: 2022 Inflation & Geopolitical Chop,3. Bi-Directional Fusion (Long Bull + Short Bear)
LONG_ONLY,895038.8,80.17,1.79,15.47,5.18,27.5,40,40,0,0.0,2.05,4.1,Phase 5: 2023 Secular Bull Expansion,1. Long-Only Champion (Baseline)
SHORT_ONLY,502963.89,0.6,1.01,7.85,0.08,42.9,21,0,21,42.9,0.34,0.45,Phase 5: 2023 Secular Bull Expansion,2. Airtight Short-Only Strategy
BI_DIRECTIONAL,923279.94,85.92,1.85,13.04,6.59,34.7,49,37,12,50.0,1.78,2.61,Phase 5: 2023 Secular Bull Expansion,3. Bi-Directional Fusion (Long Bull + Short Bear)
