id,name,asset_mode,filter,basket_size,exit_protocol,composite_score,full_ret,full_alpha,full_xirr,one_yr_ret,one_yr_alpha,one_yr_xirr,bear_ret,bear_alpha,bear_xirr,bull_ret,full_pr,full_pf,full_dd
SIP_022,SIP_022: PURE_STOCKS | CLENOW_MOMENTU | 4Stk | VAN_THARP_3T,PURE_STOCKS,CLENOW_MOMENTUM,4,VAN_THARP_3TIER,28.02,56.3,49.0,35.1,28.25,35.68,54.4,-19.58,-10.75,14.5,19.58,1.57,0.29,15.1
SIP_026,SIP_026: PURE_STOCKS | CLENOW_MOMENTU | 5Stk | VAN_THARP_3T,PURE_STOCKS,CLENOW_MOMENTUM,5,VAN_THARP_3TIER,27.51,45.6,38.3,29.1,35.98,43.41,70.3,-20.95,-12.12,14.5,17.88,1.78,0.37,16.5
SIP_058,SIP_058: PURE_STOCKS | MOM_HURDLE_20 | 5Stk | VAN_THARP_3T,PURE_STOCKS,MOM_HURDLE_20,5,VAN_THARP_3TIER,27.44,44.46,37.16,28.4,35.98,43.41,70.3,-16.17,-7.34,14.5,18.75,2.2,0.43,15.5
SIP_043,SIP_043: PURE_STOCKS | MOM_HURDLE_30 | 5Stk | SMART_STEPLA,PURE_STOCKS,MOM_HURDLE_30,5,SMART_STEPLADDER,27.13,47.28,39.98,30.1,32.72,40.15,63.6,-17.51,-8.69,14.5,18.31,0.96,0.12,12.6
SIP_027,SIP_027: PURE_STOCKS | CLENOW_MOMENTU | 5Stk | SMART_STEPLA,PURE_STOCKS,CLENOW_MOMENTUM,5,SMART_STEPLADDER,26.93,50.33,43.03,31.8,29.78,37.21,57.5,-20.95,-12.12,14.5,17.99,0.95,0.12,14.9
SIP_042,SIP_042: PURE_STOCKS | MOM_HURDLE_30 | 5Stk | VAN_THARP_3T,PURE_STOCKS,MOM_HURDLE_30,5,VAN_THARP_3TIER,26.88,45.99,38.69,29.3,32.72,40.15,63.6,-17.51,-8.69,14.5,18.44,1.8,0.31,13.8
SIP_030,SIP_030: PURE_STOCKS | CLENOW_MOMENTU | 6Stk | VAN_THARP_3T,PURE_STOCKS,CLENOW_MOMENTUM,6,VAN_THARP_3TIER,26.34,41.26,33.96,26.6,36.75,44.18,72.0,-19.49,-10.66,14.5,15.42,2.12,0.35,14.6
SIP_031,SIP_031: PURE_STOCKS | CLENOW_MOMENTU | 6Stk | SMART_STEPLA,PURE_STOCKS,CLENOW_MOMENTUM,6,SMART_STEPLADDER,26.11,48.25,40.95,30.6,30.32,37.75,58.7,-19.49,-10.66,14.5,15.31,1.17,0.11,13.5
SIP_025,SIP_025: PURE_STOCKS | CLENOW_MOMENTU | 5Stk | ADAPTIVE_STR,PURE_STOCKS,CLENOW_MOMENTUM,5,ADAPTIVE_STRUCTURAL,26.01,45.14,37.84,28.8,29.43,36.86,56.8,-20.94,-12.12,14.5,19.05,0.0,0.0,14.0
SIP_028,SIP_028: PURE_STOCKS | CLENOW_MOMENTU | 5Stk | DYNAMIC_ATR,PURE_STOCKS,CLENOW_MOMENTUM,5,DYNAMIC_ATR,25.5,43.21,35.91,27.7,29.78,37.21,57.5,-20.95,-12.12,14.5,17.99,0.0,0.0,14.4
SIP_041,SIP_041: PURE_STOCKS | MOM_HURDLE_30 | 5Stk | ADAPTIVE_STR,PURE_STOCKS,MOM_HURDLE_30,5,ADAPTIVE_STRUCTURAL,24.87,40.69,33.39,26.3,28.08,35.51,54.1,-16.83,-8.0,14.5,19.42,0.0,0.0,12.4
SIP_018,SIP_018: PURE_STOCKS | CLENOW_MOMENTU | 3Stk | VAN_THARP_3T,PURE_STOCKS,CLENOW_MOMENTUM,3,VAN_THARP_3TIER,24.76,58.5,51.2,36.3,19.5,26.94,36.9,-21.09,-12.26,14.5,12.08,1.58,0.26,13.9
SIP_023,SIP_023: PURE_STOCKS | CLENOW_MOMENTU | 4Stk | SMART_STEPLA,PURE_STOCKS,CLENOW_MOMENTUM,4,SMART_STEPLADDER,24.75,47.72,40.42,30.3,21.86,29.3,41.6,-19.58,-10.75,14.5,19.58,0.93,0.15,14.0
SIP_021,SIP_021: PURE_STOCKS | CLENOW_MOMENTU | 4Stk | ADAPTIVE_STR,PURE_STOCKS,CLENOW_MOMENTUM,4,ADAPTIVE_STRUCTURAL,24.71,46.19,38.89,29.4,22.05,29.49,42.0,-19.69,-10.87,14.5,20.76,0.0,0.0,13.5
SIP_039,SIP_039: PURE_STOCKS | MOM_HURDLE_30 | 4Stk | SMART_STEPLA,PURE_STOCKS,MOM_HURDLE_30,4,SMART_STEPLADDER,24.69,47.83,40.53,30.4,24.34,31.78,46.5,-18.92,-10.09,14.5,16.01,0.79,0.13,14.9
SIP_029,SIP_029: PURE_STOCKS | CLENOW_MOMENTU | 6Stk | ADAPTIVE_STR,PURE_STOCKS,CLENOW_MOMENTUM,6,ADAPTIVE_STRUCTURAL,24.62,42.41,35.11,27.3,27.87,35.3,53.7,-18.95,-10.12,14.5,16.7,0.0,0.0,13.2
SIP_032,SIP_032: PURE_STOCKS | CLENOW_MOMENTU | 6Stk | DYNAMIC_ATR,PURE_STOCKS,CLENOW_MOMENTUM,6,DYNAMIC_ATR,24.5,43.02,35.72,27.6,28.07,35.5,54.1,-19.49,-10.66,14.5,15.31,0.0,0.0,13.0
SIP_054,SIP_054: PURE_STOCKS | MOM_HURDLE_20 | 4Stk | VAN_THARP_3T,PURE_STOCKS,MOM_HURDLE_20,4,VAN_THARP_3TIER,24.36,40.16,32.86,25.9,28.25,35.68,54.4,-16.85,-8.02,14.5,17.38,2.03,0.37,14.7
SIP_024,SIP_024: PURE_STOCKS | CLENOW_MOMENTU | 4Stk | DYNAMIC_ATR,PURE_STOCKS,CLENOW_MOMENTUM,4,DYNAMIC_ATR,24.29,44.73,37.43,28.6,22.46,29.89,42.8,-20.07,-11.24,14.5,19.53,0.0,0.0,13.5
SIP_044,SIP_044: PURE_STOCKS | MOM_HURDLE_30 | 5Stk | DYNAMIC_ATR,PURE_STOCKS,MOM_HURDLE_30,5,DYNAMIC_ATR,24.04,37.03,29.73,24.1,28.75,36.18,55.5,-17.51,-8.69,14.5,18.31,0.0,0.0,12.4
SIP_066,SIP_066: PURE_STOCKS | 52W_HIGH_PROXI | 3Stk | VAN_THARP_3T,PURE_STOCKS,52W_HIGH_PROXIMITY,3,VAN_THARP_3TIER,24.0,26.74,19.44,17.9,40.15,47.58,79.1,-19.26,-10.43,14.5,14.7,1.24,0.35,16.0
SIP_047,SIP_047: PURE_STOCKS | MOM_HURDLE_30 | 6Stk | SMART_STEPLA,PURE_STOCKS,MOM_HURDLE_30,6,SMART_STEPLADDER,23.78,42.31,35.01,27.2,27.37,34.8,52.7,-17.12,-8.29,14.5,13.28,0.98,0.13,12.0
SIP_046,SIP_046: PURE_STOCKS | MOM_HURDLE_30 | 6Stk | VAN_THARP_3T,PURE_STOCKS,MOM_HURDLE_30,6,VAN_THARP_3TIER,23.65,37.52,30.22,24.4,30.63,38.06,59.3,-17.12,-8.29,14.5,13.48,1.82,0.32,12.8
SIP_006,SIP_006: PURE_STOCKS | MULTI_LOOKBACK | 4Stk | VAN_THARP_3T,PURE_STOCKS,MULTI_LOOKBACK_BLEND,4,VAN_THARP_3TIER,22.84,38.92,31.62,25.2,21.94,29.37,41.7,-26.86,-18.03,14.5,18.89,1.7,0.21,18.7
SIP_045,SIP_045: PURE_STOCKS | MOM_HURDLE_30 | 6Stk | ADAPTIVE_STR,PURE_STOCKS,MOM_HURDLE_30,6,ADAPTIVE_STRUCTURAL,22.65,39.02,31.72,25.3,24.75,32.18,47.4,-16.26,-7.43,14.5,14.26,0.0,0.0,12.0
SIP_019,SIP_019: PURE_STOCKS | CLENOW_MOMENTU | 3Stk | SMART_STEPLA,PURE_STOCKS,CLENOW_MOMENTUM,3,SMART_STEPLADDER,22.41,46.56,39.26,29.6,19.5,26.94,36.9,-21.09,-12.26,14.5,12.08,0.62,0.11,14.2
SIP_035,SIP_035: PURE_STOCKS | MOM_HURDLE_30 | 3Stk | SMART_STEPLA,PURE_STOCKS,MOM_HURDLE_30,3,SMART_STEPLADDER,22.39,39.24,31.95,25.4,22.02,29.46,41.9,-19.71,-10.88,14.5,16.19,0.39,0.09,14.5
SIP_037,SIP_037: PURE_STOCKS | MOM_HURDLE_30 | 4Stk | ADAPTIVE_STR,PURE_STOCKS,MOM_HURDLE_30,4,ADAPTIVE_STRUCTURAL,22.33,36.77,29.47,23.9,22.33,29.76,42.5,-18.92,-10.09,14.5,18.14,0.0,0.0,13.6
SIP_017,SIP_017: PURE_STOCKS | CLENOW_MOMENTU | 3Stk | ADAPTIVE_STR,PURE_STOCKS,CLENOW_MOMENTUM,3,ADAPTIVE_STRUCTURAL,21.97,42.16,34.86,27.1,18.27,25.71,34.5,-20.97,-12.14,14.5,15.8,0.0,0.0,15.2
SIP_040,SIP_040: PURE_STOCKS | MOM_HURDLE_30 | 4Stk | DYNAMIC_ATR,PURE_STOCKS,MOM_HURDLE_30,4,DYNAMIC_ATR,21.92,36.34,29.04,23.7,22.73,30.17,43.3,-18.92,-10.09,14.5,15.91,0.0,0.0,13.2
SIP_048,SIP_048: PURE_STOCKS | MOM_HURDLE_30 | 6Stk | DYNAMIC_ATR,PURE_STOCKS,MOM_HURDLE_30,6,DYNAMIC_ATR,21.84,34.94,27.64,22.9,25.65,33.09,49.2,-17.12,-8.29,14.5,13.28,0.0,0.0,12.0
SIP_057,SIP_057: PURE_STOCKS | MOM_HURDLE_20 | 5Stk | ADAPTIVE_STR,PURE_STOCKS,MOM_HURDLE_20,5,ADAPTIVE_STRUCTURAL,21.76,25.06,17.76,16.8,29.43,36.86,56.8,-16.36,-7.53,14.5,18.81,0.0,0.0,13.4
SIP_067,SIP_067: PURE_STOCKS | 52W_HIGH_PROXI | 3Stk | SMART_STEPLA,PURE_STOCKS,52W_HIGH_PROXIMITY,3,SMART_STEPLADDER,21.75,28.96,21.66,19.2,29.33,36.76,56.6,-19.26,-10.43,14.5,14.7,0.81,0.15,15.9
SIP_059,SIP_059: PURE_STOCKS | MOM_HURDLE_20 | 5Stk | SMART_STEPLA,PURE_STOCKS,MOM_HURDLE_20,5,SMART_STEPLADDER,21.62,25.11,17.81,16.8,29.78,37.21,57.5,-16.17,-7.34,14.5,17.7,1.28,0.19,14.4
SIP_068,SIP_068: PURE_STOCKS | 52W_HIGH_PROXI | 3Stk | DYNAMIC_ATR,PURE_STOCKS,52W_HIGH_PROXIMITY,3,DYNAMIC_ATR,21.6,25.02,17.72,16.8,31.23,38.67,60.5,-19.26,-10.43,14.5,15.78,0.0,0.0,14.6
SIP_020,SIP_020: PURE_STOCKS | CLENOW_MOMENTU | 3Stk | DYNAMIC_ATR,PURE_STOCKS,CLENOW_MOMENTUM,3,DYNAMIC_ATR,21.58,41.66,34.36,26.8,19.5,26.94,36.9,-21.34,-12.52,14.5,12.81,0.0,0.0,14.5
SIP_002,SIP_002: PURE_STOCKS | MULTI_LOOKBACK | 3Stk | VAN_THARP_3T,PURE_STOCKS,MULTI_LOOKBACK_BLEND,3,VAN_THARP_3TIER,21.5,36.62,29.32,23.9,22.45,29.88,42.8,-28.09,-19.26,14.5,13.84,2.22,0.16,17.7
SIP_065,SIP_065: PURE_STOCKS | 52W_HIGH_PROXI | 3Stk | ADAPTIVE_STR,PURE_STOCKS,52W_HIGH_PROXIMITY,3,ADAPTIVE_STRUCTURAL,21.49,26.77,19.47,17.9,29.25,36.68,56.5,-19.26,-10.43,14.5,15.78,0.0,0.0,14.6
SIP_038,SIP_038: PURE_STOCKS | MOM_HURDLE_30 | 4Stk | VAN_THARP_3T,PURE_STOCKS,MOM_HURDLE_30,4,VAN_THARP_3TIER,21.43,32.05,24.75,21.1,24.34,31.78,46.5,-18.92,-10.09,14.5,16.01,1.38,0.32,15.3
SIP_071,SIP_071: PURE_STOCKS | 52W_HIGH_PROXI | 4Stk | SMART_STEPLA,PURE_STOCKS,52W_HIGH_PROXIMITY,4,SMART_STEPLADDER,21.37,34.45,27.15,22.6,23.6,31.04,45.1,-18.3,-9.47,14.5,14.02,0.81,0.16,16.2
SIP_060,SIP_060: PURE_STOCKS | MOM_HURDLE_20 | 5Stk | DYNAMIC_ATR,PURE_STOCKS,MOM_HURDLE_20,5,DYNAMIC_ATR,21.34,23.85,16.55,16.0,29.78,37.21,57.5,-16.16,-7.33,14.5,17.7,0.0,0.0,13.5
SIP_036,SIP_036: PURE_STOCKS | MOM_HURDLE_30 | 3Stk | DYNAMIC_ATR,PURE_STOCKS,MOM_HURDLE_30,3,DYNAMIC_ATR,20.94,30.75,23.45,20.3,22.48,29.91,42.8,-19.71,-10.88,14.5,17.28,0.0,0.0,13.0
SIP_098,SIP_098: PURE_STOCKS | QUALITY_COMPOS | 3Stk | VAN_THARP_3T,PURE_STOCKS,QUALITY_COMPOSITE,3,VAN_THARP_3TIER,20.62,34.43,27.13,22.6,19.5,26.94,36.9,-17.54,-8.71,14.5,15.37,1.82,0.4,16.4
SIP_050,SIP_050: PURE_STOCKS | MOM_HURDLE_20 | 3Stk | VAN_THARP_3T,PURE_STOCKS,MOM_HURDLE_20,3,VAN_THARP_3TIER,20.62,34.43,27.13,22.6,19.5,26.94,36.9,-17.54,-8.71,14.5,15.37,1.82,0.4,16.4
SIP_033,SIP_033: PURE_STOCKS | MOM_HURDLE_30 | 3Stk | ADAPTIVE_STR,PURE_STOCKS,MOM_HURDLE_30,3,ADAPTIVE_STRUCTURAL,20.62,31.4,24.1,20.7,20.63,28.07,39.2,-19.71,-10.88,14.5,17.28,0.0,0.0,13.3
SIP_069,SIP_069: PURE_STOCKS | 52W_HIGH_PROXI | 4Stk | ADAPTIVE_STR,PURE_STOCKS,52W_HIGH_PROXIMITY,4,ADAPTIVE_STRUCTURAL,20.57,30.92,23.62,20.4,21.51,28.94,40.9,-18.3,-9.47,14.5,16.48,0.0,0.0,14.5
SIP_005,SIP_005: PURE_STOCKS | MULTI_LOOKBACK | 4Stk | ADAPTIVE_STR,PURE_STOCKS,MULTI_LOOKBACK_BLEND,4,ADAPTIVE_STRUCTURAL,20.08,26.18,18.88,17.5,21.94,29.37,41.7,-26.86,-18.03,14.5,18.57,0.0,0.0,15.1
SIP_055,SIP_055: PURE_STOCKS | MOM_HURDLE_20 | 4Stk | SMART_STEPLA,PURE_STOCKS,MOM_HURDLE_20,4,SMART_STEPLADDER,19.93,26.72,19.42,17.8,21.86,29.3,41.6,-16.85,-8.02,14.5,17.38,1.68,0.3,14.4
SIP_072,SIP_072: PURE_STOCKS | 52W_HIGH_PROXI | 4Stk | DYNAMIC_ATR,PURE_STOCKS,52W_HIGH_PROXIMITY,4,DYNAMIC_ATR,19.9,30.02,22.72,19.9,21.55,28.99,41.0,-18.3,-9.47,14.5,13.92,0.0,0.0,13.4
SIP_034,SIP_034: PURE_STOCKS | MOM_HURDLE_30 | 3Stk | VAN_THARP_3T,PURE_STOCKS,MOM_HURDLE_30,3,VAN_THARP_3TIER,19.56,25.81,18.51,17.3,22.02,29.46,41.9,-19.71,-10.88,14.5,16.19,1.49,0.36,14.1
SIP_008,SIP_008: PURE_STOCKS | MULTI_LOOKBACK | 4Stk | DYNAMIC_ATR,PURE_STOCKS,MULTI_LOOKBACK_BLEND,4,DYNAMIC_ATR,19.48,24.47,17.17,16.4,21.94,29.37,41.7,-26.86,-18.03,14.5,17.5,0.0,0.0,14.4
SIP_070,SIP_070: PURE_STOCKS | 52W_HIGH_PROXI | 4Stk | VAN_THARP_3T,PURE_STOCKS,52W_HIGH_PROXIMITY,4,VAN_THARP_3TIER,19.38,25.3,18.0,16.9,23.6,31.04,45.1,-18.3,-9.47,14.5,14.02,1.38,0.35,16.9
SIP_099,SIP_099: PURE_STOCKS | QUALITY_COMPOS | 3Stk | SMART_STEPLA,PURE_STOCKS,QUALITY_COMPOSITE,3,SMART_STEPLADDER,19.22,27.95,20.65,18.6,19.5,26.94,36.9,-17.54,-8.71,14.5,15.37,0.52,0.12,15.8
SIP_051,SIP_051: PURE_STOCKS | MOM_HURDLE_20 | 3Stk | SMART_STEPLA,PURE_STOCKS,MOM_HURDLE_20,3,SMART_STEPLADDER,19.22,27.95,20.65,18.6,19.5,26.94,36.9,-17.54,-8.71,14.5,15.37,0.52,0.12,15.8
SIP_056,SIP_056: PURE_STOCKS | MOM_HURDLE_20 | 4Stk | DYNAMIC_ATR,PURE_STOCKS,MOM_HURDLE_20,4,DYNAMIC_ATR,19.21,22.85,15.55,15.4,22.46,29.89,42.8,-16.85,-8.02,14.5,17.26,0.0,0.0,12.9
SIP_053,SIP_053: PURE_STOCKS | MOM_HURDLE_20 | 4Stk | ADAPTIVE_STR,PURE_STOCKS,MOM_HURDLE_20,4,ADAPTIVE_STRUCTURAL,19.19,22.01,14.71,14.9,22.05,29.49,42.0,-16.72,-7.89,14.5,18.49,0.0,0.0,12.7
SIP_097,SIP_097: PURE_STOCKS | QUALITY_COMPOS | 3Stk | ADAPTIVE_STR,PURE_STOCKS,QUALITY_COMPOSITE,3,ADAPTIVE_STRUCTURAL,18.22,23.82,16.52,16.0,18.27,25.71,34.5,-17.32,-8.49,14.5,16.47,0.0,0.0,14.1
SIP_049,SIP_049: PURE_STOCKS | MOM_HURDLE_20 | 3Stk | ADAPTIVE_STR,PURE_STOCKS,MOM_HURDLE_20,3,ADAPTIVE_STRUCTURAL,18.22,23.82,16.52,16.0,18.27,25.71,34.5,-17.32,-8.49,14.5,16.47,0.0,0.0,14.1
SIP_052,SIP_052: PURE_STOCKS | MOM_HURDLE_20 | 3Stk | DYNAMIC_ATR,PURE_STOCKS,MOM_HURDLE_20,3,DYNAMIC_ATR,18.21,22.36,15.06,15.1,19.5,26.94,36.9,-17.54,-8.71,14.5,16.47,0.0,0.0,14.1
SIP_100,SIP_100: PURE_STOCKS | QUALITY_COMPOS | 3Stk | DYNAMIC_ATR,PURE_STOCKS,QUALITY_COMPOSITE,3,DYNAMIC_ATR,18.21,22.36,15.06,15.1,19.5,26.94,36.9,-17.54,-8.71,14.5,16.47,0.0,0.0,14.1
SIP_001,SIP_001: PURE_STOCKS | MULTI_LOOKBACK | 3Stk | ADAPTIVE_STR,PURE_STOCKS,MULTI_LOOKBACK_BLEND,3,ADAPTIVE_STRUCTURAL,17.64,17.85,10.55,12.2,22.1,29.54,42.1,-28.09,-19.26,14.5,15.45,0.0,0.0,16.0
SIP_004,SIP_004: PURE_STOCKS | MULTI_LOOKBACK | 3Stk | DYNAMIC_ATR,PURE_STOCKS,MULTI_LOOKBACK_BLEND,3,DYNAMIC_ATR,17.36,18.07,10.77,12.3,22.45,29.88,42.8,-28.09,-19.26,14.5,13.43,0.0,0.0,16.0
SIP_007,SIP_007: PURE_STOCKS | MULTI_LOOKBACK | 4Stk | SMART_STEPLA,PURE_STOCKS,MULTI_LOOKBACK_BLEND,4,SMART_STEPLADDER,15.18,4.67,-2.63,3.3,21.94,29.37,41.7,-26.86,-18.03,14.5,18.89,0.72,0.08,20.1
SIP_062,SIP_062: PURE_STOCKS | MOM_HURDLE_20 | 6Stk | VAN_THARP_3T,PURE_STOCKS,MOM_HURDLE_20,6,VAN_THARP_3TIER,12.97,36.4,29.1,23.7,36.4,43.84,71.2,-15.18,-6.35,-45.5,14.09,2.57,0.4,13.8
SIP_091,SIP_091: PURE_STOCKS | MOMENTUM_CONVE | 5Stk | SMART_STEPLA,PURE_STOCKS,MOMENTUM_CONVEXITY,5,SMART_STEPLADDER,12.75,49.75,42.45,31.4,23.98,31.41,45.8,-12.16,-3.33,-37.9,7.45,0.63,0.06,12.6
SIP_003,SIP_003: PURE_STOCKS | MULTI_LOOKBACK | 3Stk | SMART_STEPLA,PURE_STOCKS,MULTI_LOOKBACK_BLEND,3,SMART_STEPLADDER,12.71,-1.44,-8.74,-1.0,22.45,29.88,42.8,-28.09,-19.26,14.5,13.43,0.53,0.04,20.3
SIP_075,SIP_075: PURE_STOCKS | 52W_HIGH_PROXI | 5Stk | SMART_STEPLA,PURE_STOCKS,52W_HIGH_PROXIMITY,5,SMART_STEPLADDER,12.45,38.33,31.03,24.9,31.39,38.83,60.9,-14.32,-5.49,-43.4,13.53,1.07,0.14,13.4
SIP_074,SIP_074: PURE_STOCKS | 52W_HIGH_PROXI | 5Stk | VAN_THARP_3T,PURE_STOCKS,52W_HIGH_PROXIMITY,5,VAN_THARP_3TIER,12.03,36.42,29.12,23.7,31.39,38.83,60.9,-14.32,-5.49,-43.4,13.53,1.95,0.25,14.0
SIP_095,SIP_095: PURE_STOCKS | MOMENTUM_CONVE | 6Stk | SMART_STEPLA,PURE_STOCKS,MOMENTUM_CONVEXITY,6,SMART_STEPLADDER,11.92,42.96,35.66,27.6,25.48,32.91,48.8,-11.93,-3.1,-37.3,7.47,0.62,0.08,11.4
SIP_086,SIP_086: PURE_STOCKS | MOMENTUM_CONVE | 4Stk | VAN_THARP_3T,PURE_STOCKS,MOMENTUM_CONVEXITY,4,VAN_THARP_3TIER,11.24,50.3,43.0,31.8,17.36,24.8,32.7,-12.36,-3.53,-38.4,7.93,2.11,0.25,12.7
SIP_089,SIP_089: PURE_STOCKS | MOMENTUM_CONVE | 5Stk | ADAPTIVE_STR,PURE_STOCKS,MOMENTUM_CONVEXITY,5,ADAPTIVE_STRUCTURAL,11.13,29.22,21.92,19.4,24.58,32.01,47.0,-7.82,1.01,-25.7,7.37,0.0,0.0,10.6
SIP_092,SIP_092: PURE_STOCKS | MOMENTUM_CONVE | 5Stk | DYNAMIC_ATR,PURE_STOCKS,MOMENTUM_CONVEXITY,5,DYNAMIC_ATR,10.96,31.82,24.52,21.0,23.98,31.41,45.8,-8.43,0.4,-27.5,6.28,0.0,0.0,10.0
SIP_073,SIP_073: PURE_STOCKS | 52W_HIGH_PROXI | 5Stk | ADAPTIVE_STR,PURE_STOCKS,52W_HIGH_PROXIMITY,5,ADAPTIVE_STRUCTURAL,10.89,32.52,25.22,21.4,27.61,35.04,53.1,-13.49,-4.66,-41.3,14.51,0.0,0.0,12.9
SIP_088,SIP_088: PURE_STOCKS | MOMENTUM_CONVE | 4Stk | DYNAMIC_ATR,PURE_STOCKS,MOMENTUM_CONVEXITY,4,DYNAMIC_ATR,10.62,32.77,25.47,21.6,16.79,24.22,31.6,-6.88,1.95,-22.9,7.93,0.0,0.0,11.1
SIP_087,SIP_087: PURE_STOCKS | MOMENTUM_CONVE | 4Stk | SMART_STEPLA,PURE_STOCKS,MOMENTUM_CONVEXITY,4,SMART_STEPLADDER,10.36,46.65,39.35,29.7,16.79,24.22,31.6,-12.36,-3.53,-38.4,7.93,1.54,0.11,13.4
SIP_085,SIP_085: PURE_STOCKS | MOMENTUM_CONVE | 4Stk | ADAPTIVE_STR,PURE_STOCKS,MOMENTUM_CONVEXITY,4,ADAPTIVE_STRUCTURAL,10.35,29.96,22.66,19.8,17.35,24.78,32.7,-6.52,2.31,-21.8,7.93,0.0,0.0,11.0
SIP_082,SIP_082: PURE_STOCKS | MOMENTUM_CONVE | 3Stk | VAN_THARP_3T,PURE_STOCKS,MOMENTUM_CONVEXITY,3,VAN_THARP_3TIER,10.22,32.5,25.2,21.4,16.34,23.77,30.7,-7.6,1.23,-25.1,9.02,1.82,0.47,12.2
SIP_079,SIP_079: PURE_STOCKS | 52W_HIGH_PROXI | 6Stk | SMART_STEPLA,PURE_STOCKS,52W_HIGH_PROXIMITY,6,SMART_STEPLADDER,10.14,35.9,28.6,23.4,27.26,34.7,52.4,-15.3,-6.47,-45.8,12.16,0.73,0.1,12.7
SIP_090,SIP_090: PURE_STOCKS | MOMENTUM_CONVE | 5Stk | VAN_THARP_3T,PURE_STOCKS,MOMENTUM_CONVEXITY,5,VAN_THARP_3TIER,9.75,34.49,27.19,22.6,24.27,31.7,46.4,-12.16,-3.33,-37.9,7.45,1.25,0.22,12.2
SIP_076,SIP_076: PURE_STOCKS | 52W_HIGH_PROXI | 5Stk | DYNAMIC_ATR,PURE_STOCKS,52W_HIGH_PROXIMITY,5,DYNAMIC_ATR,9.69,28.94,21.64,19.2,28.42,35.85,54.8,-14.32,-5.49,-43.4,13.43,0.0,0.0,12.7
SIP_096,SIP_096: PURE_STOCKS | MOMENTUM_CONVE | 6Stk | DYNAMIC_ATR,PURE_STOCKS,MOMENTUM_CONVEXITY,6,DYNAMIC_ATR,9.33,27.32,20.02,18.2,25.48,32.91,48.8,-10.3,-1.47,-32.8,6.47,0.0,0.0,10.1
SIP_093,SIP_093: PURE_STOCKS | MOMENTUM_CONVE | 6Stk | ADAPTIVE_STR,PURE_STOCKS,MOMENTUM_CONVEXITY,6,ADAPTIVE_STRUCTURAL,9.33,26.47,19.17,17.7,23.95,31.38,45.8,-9.1,-0.27,-29.4,5.86,0.0,0.0,10.9
SIP_063,SIP_063: PURE_STOCKS | MOM_HURDLE_20 | 6Stk | SMART_STEPLA,PURE_STOCKS,MOM_HURDLE_20,6,SMART_STEPLADDER,9.29,27.35,20.05,18.2,29.5,36.93,57.0,-15.18,-6.35,-45.5,13.96,1.58,0.17,13.0
SIP_094,SIP_094: PURE_STOCKS | MOMENTUM_CONVE | 6Stk | VAN_THARP_3T,PURE_STOCKS,MOMENTUM_CONVEXITY,6,VAN_THARP_3TIER,9.11,29.26,21.96,19.4,25.73,33.16,49.3,-11.93,-3.1,-37.3,7.47,1.15,0.18,11.5
SIP_010,SIP_010: PURE_STOCKS | MULTI_LOOKBACK | 5Stk | VAN_THARP_3T,PURE_STOCKS,MULTI_LOOKBACK_BLEND,5,VAN_THARP_3TIER,8.52,35.08,27.78,22.9,17.41,24.84,32.8,-15.1,-6.27,-45.3,16.78,1.66,0.17,17.5
SIP_078,SIP_078: PURE_STOCKS | 52W_HIGH_PROXI | 6Stk | VAN_THARP_3T,PURE_STOCKS,52W_HIGH_PROXIMITY,6,VAN_THARP_3TIER,8.45,28.56,21.26,19.0,26.69,34.12,51.3,-15.3,-6.47,-45.8,12.16,1.73,0.26,13.4
SIP_061,SIP_061: PURE_STOCKS | MOM_HURDLE_20 | 6Stk | ADAPTIVE_STR,PURE_STOCKS,MOM_HURDLE_20,6,ADAPTIVE_STRUCTURAL,8.38,24.34,17.04,16.4,27.06,34.49,52.0,-14.84,-6.02,-44.7,14.81,0.0,0.0,12.7
SIP_077,SIP_077: PURE_STOCKS | 52W_HIGH_PROXI | 6Stk | ADAPTIVE_STR,PURE_STOCKS,52W_HIGH_PROXIMITY,6,ADAPTIVE_STRUCTURAL,8.15,29.7,22.4,19.7,23.63,31.06,45.1,-15.18,-6.35,-45.5,12.94,0.0,0.0,12.6
SIP_064,SIP_064: PURE_STOCKS | MOM_HURDLE_20 | 6Stk | DYNAMIC_ATR,PURE_STOCKS,MOM_HURDLE_20,6,DYNAMIC_ATR,7.86,23.27,15.97,15.7,27.25,34.68,52.4,-15.18,-6.35,-45.5,13.96,0.0,0.0,12.7
SIP_080,SIP_080: PURE_STOCKS | 52W_HIGH_PROXI | 6Stk | DYNAMIC_ATR,PURE_STOCKS,52W_HIGH_PROXIMITY,6,DYNAMIC_ATR,7.73,27.21,19.91,18.1,25.26,32.69,48.4,-15.3,-6.47,-45.8,11.92,0.0,0.0,12.6
SIP_084,SIP_084: PURE_STOCKS | MOMENTUM_CONVE | 3Stk | DYNAMIC_ATR,PURE_STOCKS,MOMENTUM_CONVEXITY,3,DYNAMIC_ATR,7.63,25.48,18.18,17.1,14.95,22.38,28.0,-8.42,0.4,-27.5,7.74,0.0,0.0,10.2
SIP_009,SIP_009: PURE_STOCKS | MULTI_LOOKBACK | 5Stk | ADAPTIVE_STR,PURE_STOCKS,MULTI_LOOKBACK_BLEND,5,ADAPTIVE_STRUCTURAL,7.15,28.94,21.64,19.2,17.41,24.84,32.8,-15.1,-6.27,-45.3,16.38,0.0,0.0,14.8
SIP_081,SIP_081: PURE_STOCKS | MOMENTUM_CONVE | 3Stk | ADAPTIVE_STR,PURE_STOCKS,MOMENTUM_CONVEXITY,3,ADAPTIVE_STRUCTURAL,7.03,24.88,17.58,16.7,12.32,19.76,23.0,-8.09,0.74,-26.5,7.74,0.0,0.0,10.9
SIP_083,SIP_083: PURE_STOCKS | MOMENTUM_CONVE | 3Stk | SMART_STEPLA,PURE_STOCKS,MOMENTUM_CONVEXITY,3,SMART_STEPLADDER,6.97,31.2,23.9,20.6,14.95,22.38,28.0,-12.3,-3.47,-38.2,9.02,1.21,0.1,13.0
SIP_012,SIP_012: PURE_STOCKS | MULTI_LOOKBACK | 5Stk | DYNAMIC_ATR,PURE_STOCKS,MULTI_LOOKBACK_BLEND,5,DYNAMIC_ATR,6.5,26.9,19.6,17.9,17.41,24.84,32.8,-15.1,-6.27,-45.3,15.45,0.0,0.0,13.9
SIP_014,SIP_014: PURE_STOCKS | MULTI_LOOKBACK | 6Stk | VAN_THARP_3T,PURE_STOCKS,MULTI_LOOKBACK_BLEND,6,VAN_THARP_3TIER,6.35,30.54,23.24,20.2,16.99,24.42,32.0,-15.6,-6.77,-46.5,12.38,2.09,0.14,17.4
SIP_013,SIP_013: PURE_STOCKS | MULTI_LOOKBACK | 6Stk | ADAPTIVE_STR,PURE_STOCKS,MULTI_LOOKBACK_BLEND,6,ADAPTIVE_STRUCTURAL,5.58,26.9,19.6,17.9,16.99,24.42,32.0,-15.6,-6.77,-46.5,12.57,0.0,0.0,14.8
SIP_016,SIP_016: PURE_STOCKS | MULTI_LOOKBACK | 6Stk | DYNAMIC_ATR,PURE_STOCKS,MULTI_LOOKBACK_BLEND,6,DYNAMIC_ATR,4.84,24.2,16.9,16.3,16.99,24.42,32.0,-15.6,-6.77,-46.5,11.65,0.0,0.0,15.2
SIP_011,SIP_011: PURE_STOCKS | MULTI_LOOKBACK | 5Stk | SMART_STEPLA,PURE_STOCKS,MULTI_LOOKBACK_BLEND,5,SMART_STEPLADDER,3.28,12.55,5.25,8.7,17.41,24.84,32.8,-15.1,-6.27,-45.3,15.45,0.57,0.03,19.0
SIP_015,SIP_015: PURE_STOCKS | MULTI_LOOKBACK | 6Stk | SMART_STEPLA,PURE_STOCKS,MULTI_LOOKBACK_BLEND,6,SMART_STEPLADDER,2.25,12.82,5.52,8.9,16.99,24.42,32.0,-15.6,-6.77,-46.5,11.65,0.27,0.02,17.8
