id,name,entry_mode,slots,pyramid,exit_mode,composite_score,worst_bear_ret,worst_bear_xirr,worst_bear_pr,chop_ret,chop_xirr,chop_pr,bull_ret,cycle_ret,cycle_alpha,cycle_xirr,cycle_pr,cycle_pf,cycle_dd,cycle_wr
SW_004,SW_004: MULTI_LOOKBACK | 4Slots | NONE | ASYMMETRIC_2,MULTI_LOOKBACK,4,NONE,ASYMMETRIC_2.0,74.87,-23.51,-42.3,0.64,36.25,289.8,1.02,34.72,30.48,37.91,30.5,0.85,1.29,27.5,59.5
SW_011,SW_011: MULTI_LOOKBACK | 4Slots | AGGRESSIVE | THREE_TIER_S,MULTI_LOOKBACK,4,AGGRESSIVE_75,THREE_TIER_SCALE,58.9,-16.05,-30.1,0.62,26.89,185.0,1.0,68.31,20.29,27.72,20.3,0.79,1.21,20.6,61.0
SW_009,SW_009: MULTI_LOOKBACK | 4Slots | LIVERMORE_ | ASYMMETRIC_2,MULTI_LOOKBACK,4,LIVERMORE_50,ASYMMETRIC_2.0,58.31,-12.98,-24.8,0.63,29.98,216.8,1.05,23.89,25.26,32.69,25.3,0.89,1.31,17.4,60.2
SW_001,SW_001: MULTI_LOOKBACK | 4Slots | NONE | THREE_TIER_S,MULTI_LOOKBACK,4,NONE,THREE_TIER_SCALE,49.1,-21.92,-39.8,0.68,27.18,187.9,0.91,42.9,15.92,23.35,15.9,0.81,1.11,30.4,57.2
SW_003,SW_003: MULTI_LOOKBACK | 4Slots | NONE | SYMMETRIC_1.,MULTI_LOOKBACK,4,NONE,SYMMETRIC_1.5,47.49,-21.66,-39.4,0.71,26.35,179.7,0.83,43.74,23.58,31.01,23.6,0.76,1.18,24.7,61.2
SW_019,SW_019: MULTI_LOOKBACK | 6Slots | NONE | ASYMMETRIC_2,MULTI_LOOKBACK,6,NONE,ASYMMETRIC_2.0,47.41,-22.91,-41.4,0.7,26.32,179.4,0.9,46.39,20.26,27.7,20.3,0.83,1.19,23.9,59.6
SW_007,SW_007: MULTI_LOOKBACK | 4Slots | LIVERMORE_ | REGIME_ADAPT,MULTI_LOOKBACK,4,LIVERMORE_50,REGIME_ADAPTIVE,47.17,-13.56,-25.8,0.61,25.22,168.9,0.87,29.93,26.24,33.67,26.2,0.75,1.31,18.9,64.0
SW_005,SW_005: MULTI_LOOKBACK | 4Slots | NONE | CHANDELIER_R,MULTI_LOOKBACK,4,NONE,CHANDELIER_RUNNER,47.12,-24.41,-43.7,0.69,25.97,176.0,0.9,44.41,27.85,35.29,27.9,0.77,1.24,21.7,61.1
SW_018,SW_018: MULTI_LOOKBACK | 6Slots | NONE | SYMMETRIC_1.,MULTI_LOOKBACK,6,NONE,SYMMETRIC_1.5,44.1,-22.73,-41.1,0.71,24.5,162.1,0.89,46.28,29.49,36.93,29.5,0.8,1.25,21.9,60.9
SW_024,SW_024: MULTI_LOOKBACK | 6Slots | LIVERMORE_ | ASYMMETRIC_2,MULTI_LOOKBACK,6,LIVERMORE_50,ASYMMETRIC_2.0,43.54,-14.19,-26.9,0.57,22.16,141.2,0.82,51.93,17.33,24.76,17.3,0.85,1.22,20.9,59.0
SW_002,SW_002: MULTI_LOOKBACK | 4Slots | NONE | REGIME_ADAPT,MULTI_LOOKBACK,4,NONE,REGIME_ADAPTIVE,42.49,-25.78,-45.7,0.72,24.91,165.9,0.88,37.5,25.67,33.1,25.7,0.77,1.21,20.6,61.0
SW_014,SW_014: MULTI_LOOKBACK | 4Slots | AGGRESSIVE | ASYMMETRIC_2,MULTI_LOOKBACK,4,AGGRESSIVE_75,ASYMMETRIC_2.0,39.41,-18.15,-33.7,0.62,23.31,151.3,0.87,30.74,19.14,26.58,19.1,0.79,1.24,15.3,61.8
SW_006,SW_006: MULTI_LOOKBACK | 4Slots | LIVERMORE_ | THREE_TIER_S,MULTI_LOOKBACK,4,LIVERMORE_50,THREE_TIER_SCALE,39.22,-18.14,-33.7,0.69,21.36,134.3,0.82,57.46,5.91,13.34,5.9,0.8,1.01,21.4,57.4
SW_029,SW_029: MULTI_LOOKBACK | 6Slots | AGGRESSIVE | ASYMMETRIC_2,MULTI_LOOKBACK,6,AGGRESSIVE_75,ASYMMETRIC_2.0,37.88,-13.77,-26.2,0.6,20.44,126.6,0.77,41.04,19.69,27.12,19.7,0.8,1.27,14.2,62.1
SW_044,SW_044: MULTI_LOOKBACK | 8Slots | AGGRESSIVE | ASYMMETRIC_2,MULTI_LOOKBACK,8,AGGRESSIVE_75,ASYMMETRIC_2.0,37.88,-16.31,-30.6,0.67,19.07,115.5,0.97,53.5,32.46,39.89,32.5,0.83,1.35,21.4,62.0
SW_026,SW_026: MULTI_LOOKBACK | 6Slots | AGGRESSIVE | THREE_TIER_S,MULTI_LOOKBACK,6,AGGRESSIVE_75,THREE_TIER_SCALE,37.72,-16.67,-31.2,0.61,19.17,116.2,0.72,68.72,7.77,15.2,7.8,0.71,1.06,20.9,59.8
SW_017,SW_017: MULTI_LOOKBACK | 6Slots | NONE | REGIME_ADAPT,MULTI_LOOKBACK,6,NONE,REGIME_ADAPTIVE,37.16,-23.85,-42.8,0.73,22.52,144.3,0.84,42.65,18.92,26.35,18.9,0.77,1.17,22.4,60.9
SW_031,SW_031: MULTI_LOOKBACK | 8Slots | NONE | THREE_TIER_S,MULTI_LOOKBACK,8,NONE,THREE_TIER_SCALE,37.1,-17.36,-32.4,0.68,20.03,123.2,0.96,42.58,30.46,37.89,30.5,0.84,1.32,18.1,60.7
SW_028,SW_028: MULTI_LOOKBACK | 6Slots | AGGRESSIVE | SYMMETRIC_1.,MULTI_LOOKBACK,6,AGGRESSIVE_75,SYMMETRIC_1.5,36.61,-17.49,-32.6,0.56,20.95,130.8,0.88,37.68,18.19,25.62,18.2,0.74,1.2,20.8,61.3
SW_036,SW_036: MULTI_LOOKBACK | 8Slots | LIVERMORE_ | THREE_TIER_S,MULTI_LOOKBACK,8,LIVERMORE_50,THREE_TIER_SCALE,36.48,-11.39,-22.0,0.64,16.84,98.3,0.93,58.54,26.7,34.14,26.7,0.81,1.25,19.4,60.4
SW_016,SW_016: MULTI_LOOKBACK | 6Slots | NONE | THREE_TIER_S,MULTI_LOOKBACK,6,NONE,THREE_TIER_SCALE,35.92,-20.28,-37.2,0.66,20.63,128.2,0.82,43.03,20.7,28.13,20.7,0.82,1.18,24.5,59.1
SW_041,SW_041: MULTI_LOOKBACK | 8Slots | AGGRESSIVE | THREE_TIER_S,MULTI_LOOKBACK,8,AGGRESSIVE_75,THREE_TIER_SCALE,35.8,-17.82,-33.1,0.65,17.4,102.5,0.96,72.84,17.78,25.22,17.8,0.75,1.16,20.3,61.1
SW_021,SW_021: MULTI_LOOKBACK | 6Slots | LIVERMORE_ | THREE_TIER_S,MULTI_LOOKBACK,6,LIVERMORE_50,THREE_TIER_SCALE,35.06,-16.22,-30.4,0.66,17.29,101.7,0.8,70.18,12.67,20.1,12.7,0.78,1.13,22.8,59.6
SW_042,SW_042: MULTI_LOOKBACK | 8Slots | AGGRESSIVE | REGIME_ADAPT,MULTI_LOOKBACK,8,AGGRESSIVE_75,REGIME_ADAPTIVE,33.89,-19.49,-35.9,0.68,18.69,112.5,0.87,44.86,31.82,39.25,31.8,0.75,1.34,18.8,63.7
SW_010,SW_010: MULTI_LOOKBACK | 4Slots | LIVERMORE_ | CHANDELIER_R,MULTI_LOOKBACK,4,LIVERMORE_50,CHANDELIER_RUNNER,33.66,-16.81,-31.4,0.52,19.82,121.5,0.92,38.38,14.64,22.07,14.6,0.7,1.16,19.4,64.2
SW_059,SW_059: MULTI_LOOKBACK | 10Slots | AGGRESSIVE | ASYMMETRIC_2,MULTI_LOOKBACK,10,AGGRESSIVE_75,ASYMMETRIC_2.0,33.44,-14.72,-27.9,0.67,15.8,90.7,0.89,62.01,28.57,36.0,28.6,0.83,1.31,16.0,61.0
SW_074,SW_074: CLENOW_SMOOTHN | 4Slots | AGGRESSIVE | ASYMMETRIC_2,CLENOW_SMOOTHNESS,4,AGGRESSIVE_75,ASYMMETRIC_2.0,32.69,4.84,10.2,0.73,11.97,64.4,0.88,32.38,19.36,26.8,19.4,0.85,1.24,19.2,57.9
SW_039,SW_039: MULTI_LOOKBACK | 8Slots | LIVERMORE_ | ASYMMETRIC_2,MULTI_LOOKBACK,8,LIVERMORE_50,ASYMMETRIC_2.0,32.64,-15.79,-29.7,0.67,17.3,101.7,0.93,47.95,25.66,33.09,25.7,0.84,1.25,21.5,60.0
SW_023,SW_023: MULTI_LOOKBACK | 6Slots | LIVERMORE_ | SYMMETRIC_1.,MULTI_LOOKBACK,6,LIVERMORE_50,SYMMETRIC_1.5,32.33,-16.83,-31.5,0.58,19.45,118.5,0.91,34.87,17.61,25.05,17.6,0.77,1.19,23.0,61.2
SW_032,SW_032: MULTI_LOOKBACK | 8Slots | NONE | REGIME_ADAPT,MULTI_LOOKBACK,8,NONE,REGIME_ADAPTIVE,31.87,-19.65,-36.2,0.74,18.72,112.7,0.97,36.32,33.31,40.74,33.3,0.82,1.34,17.2,62.1
SW_030,SW_030: MULTI_LOOKBACK | 6Slots | AGGRESSIVE | CHANDELIER_R,MULTI_LOOKBACK,6,AGGRESSIVE_75,CHANDELIER_RUNNER,30.4,-15.64,-29.4,0.57,16.71,97.3,0.64,48.19,16.3,23.74,16.3,0.71,1.21,16.0,63.2
SW_015,SW_015: MULTI_LOOKBACK | 4Slots | AGGRESSIVE | CHANDELIER_R,MULTI_LOOKBACK,4,AGGRESSIVE_75,CHANDELIER_RUNNER,29.5,-15.79,-29.7,0.62,18.72,112.7,0.84,34.66,6.91,14.34,6.9,0.66,1.07,14.3,62.6
SW_056,SW_056: MULTI_LOOKBACK | 10Slots | AGGRESSIVE | THREE_TIER_S,MULTI_LOOKBACK,10,AGGRESSIVE_75,THREE_TIER_SCALE,28.88,-11.44,-22.1,0.72,11.48,61.3,0.8,67.57,27.19,34.62,27.2,0.84,1.29,17.1,60.9
SW_057,SW_057: MULTI_LOOKBACK | 10Slots | AGGRESSIVE | REGIME_ADAPT,MULTI_LOOKBACK,10,AGGRESSIVE_75,REGIME_ADAPTIVE,28.87,-15.1,-28.5,0.75,13.87,77.0,0.83,58.92,26.74,34.18,26.7,0.77,1.3,16.7,62.7
SW_054,SW_054: MULTI_LOOKBACK | 10Slots | LIVERMORE_ | ASYMMETRIC_2,MULTI_LOOKBACK,10,LIVERMORE_50,ASYMMETRIC_2.0,28.34,-17.19,-32.1,0.63,14.41,80.8,0.95,51.44,33.14,40.57,33.1,0.87,1.34,17.1,60.5
SW_051,SW_051: MULTI_LOOKBACK | 10Slots | LIVERMORE_ | THREE_TIER_S,MULTI_LOOKBACK,10,LIVERMORE_50,THREE_TIER_SCALE,28.29,-17.13,-32.0,0.65,13.73,76.1,0.91,62.07,24.55,31.98,24.6,0.82,1.25,17.6,60.2
SW_049,SW_049: MULTI_LOOKBACK | 10Slots | NONE | ASYMMETRIC_2,MULTI_LOOKBACK,10,NONE,ASYMMETRIC_2.0,27.59,-14.52,-27.5,0.74,13.43,74.1,0.99,49.27,32.55,39.98,32.5,0.92,1.33,16.4,59.1
SW_034,SW_034: MULTI_LOOKBACK | 8Slots | NONE | ASYMMETRIC_2,MULTI_LOOKBACK,8,NONE,ASYMMETRIC_2.0,27.3,-16.32,-30.6,0.75,15.18,86.2,0.93,42.91,25.29,32.72,25.3,0.87,1.24,17.8,58.9
SW_025,SW_025: MULTI_LOOKBACK | 6Slots | LIVERMORE_ | CHANDELIER_R,MULTI_LOOKBACK,6,LIVERMORE_50,CHANDELIER_RUNNER,27.26,-14.43,-27.4,0.51,15.36,87.4,0.73,43.75,12.6,20.03,12.6,0.76,1.14,18.7,60.4
SW_069,SW_069: CLENOW_SMOOTHN | 4Slots | LIVERMORE_ | ASYMMETRIC_2,CLENOW_SMOOTHNESS,4,LIVERMORE_50,ASYMMETRIC_2.0,26.83,-1.32,-2.7,0.57,10.82,57.1,0.84,25.32,27.83,35.26,27.8,0.86,1.33,18.7,59.9
SW_037,SW_037: MULTI_LOOKBACK | 8Slots | LIVERMORE_ | REGIME_ADAPT,MULTI_LOOKBACK,8,LIVERMORE_50,REGIME_ADAPTIVE,25.86,-16.51,-30.9,0.71,14.13,78.8,0.84,45.79,24.13,31.56,24.1,0.77,1.24,21.7,61.2
SW_047,SW_047: MULTI_LOOKBACK | 10Slots | NONE | REGIME_ADAPT,MULTI_LOOKBACK,10,NONE,REGIME_ADAPTIVE,24.24,-15.47,-29.2,0.77,12.82,70.0,0.95,42.88,30.87,38.31,30.9,0.84,1.31,16.1,60.9
SW_046,SW_046: MULTI_LOOKBACK | 10Slots | NONE | THREE_TIER_S,MULTI_LOOKBACK,10,NONE,THREE_TIER_SCALE,24.17,-17.49,-32.6,0.69,13.02,71.3,0.91,46.48,27.27,34.7,27.3,0.86,1.28,17.1,59.8
SW_013,SW_013: MULTI_LOOKBACK | 4Slots | AGGRESSIVE | SYMMETRIC_1.,MULTI_LOOKBACK,4,AGGRESSIVE_75,SYMMETRIC_1.5,24.1,-20.9,-38.2,0.62,17.21,101.0,0.86,27.08,13.36,20.8,13.4,0.75,1.13,18.8,61.0
SW_045,SW_045: MULTI_LOOKBACK | 8Slots | AGGRESSIVE | CHANDELIER_R,MULTI_LOOKBACK,8,AGGRESSIVE_75,CHANDELIER_RUNNER,23.91,-12.08,-23.2,0.72,10.6,55.7,0.67,53.8,23.36,30.79,23.4,0.74,1.24,21.3,62.4
SW_020,SW_020: MULTI_LOOKBACK | 6Slots | NONE | CHANDELIER_R,MULTI_LOOKBACK,6,NONE,CHANDELIER_RUNNER,23.23,-21.22,-38.7,0.69,15.24,86.6,0.83,44.39,12.96,20.39,13.0,0.8,1.1,21.5,57.9
SW_052,SW_052: MULTI_LOOKBACK | 10Slots | LIVERMORE_ | REGIME_ADAPT,MULTI_LOOKBACK,10,LIVERMORE_50,REGIME_ADAPTIVE,22.6,-16.05,-30.1,0.72,11.14,59.1,0.86,53.57,26.75,34.18,26.8,0.77,1.28,16.4,62.6
SW_096,SW_096: CLENOW_SMOOTHN | 8Slots | LIVERMORE_ | THREE_TIER_S,CLENOW_SMOOTHNESS,8,LIVERMORE_50,THREE_TIER_SCALE,22.17,-5.67,-11.3,0.67,7.35,36.6,0.92,51.41,22.87,30.3,22.9,0.84,1.27,10.6,59.9
SW_081,SW_081: CLENOW_SMOOTHN | 6Slots | LIVERMORE_ | THREE_TIER_S,CLENOW_SMOOTHNESS,6,LIVERMORE_50,THREE_TIER_SCALE,21.51,-2.92,-5.9,0.53,7.38,36.8,0.85,35.86,26.25,33.69,26.2,0.86,1.35,10.8,59.7
SW_060,SW_060: MULTI_LOOKBACK | 10Slots | AGGRESSIVE | CHANDELIER_R,MULTI_LOOKBACK,10,AGGRESSIVE_75,CHANDELIER_RUNNER,21.49,-13.47,-25.7,0.68,8.63,43.9,0.76,65.89,19.33,26.77,19.3,0.78,1.2,17.8,60.4
SW_033,SW_033: MULTI_LOOKBACK | 8Slots | NONE | SYMMETRIC_1.,MULTI_LOOKBACK,8,NONE,SYMMETRIC_1.5,21.46,-19.55,-36.0,0.74,12.99,71.1,0.88,39.27,27.34,34.78,27.3,0.82,1.23,15.9,60.2
SW_048,SW_048: MULTI_LOOKBACK | 10Slots | NONE | SYMMETRIC_1.,MULTI_LOOKBACK,10,NONE,SYMMETRIC_1.5,20.98,-15.91,-29.9,0.78,10.95,57.9,0.91,44.43,30.1,37.54,30.1,0.84,1.27,15.4,60.2
SW_064,SW_064: CLENOW_SMOOTHN | 4Slots | NONE | ASYMMETRIC_2,CLENOW_SMOOTHNESS,4,NONE,ASYMMETRIC_2.0,20.98,-13.29,-25.4,0.76,10.3,53.9,0.81,37.72,26.64,34.08,26.6,0.88,1.24,21.4,58.7
SW_084,SW_084: CLENOW_SMOOTHN | 6Slots | LIVERMORE_ | ASYMMETRIC_2,CLENOW_SMOOTHNESS,6,LIVERMORE_50,ASYMMETRIC_2.0,20.49,0.51,1.0,0.64,7.3,36.3,0.81,19.79,25.87,33.31,25.9,0.91,1.32,11.6,59.5
SW_008,SW_008: MULTI_LOOKBACK | 4Slots | LIVERMORE_ | SYMMETRIC_1.,MULTI_LOOKBACK,4,LIVERMORE_50,SYMMETRIC_1.5,19.97,-17.54,-32.7,0.6,13.72,76.0,0.79,24.62,18.29,25.73,18.3,0.75,1.19,19.8,62.3
SW_063,SW_063: CLENOW_SMOOTHN | 4Slots | NONE | SYMMETRIC_1.,CLENOW_SMOOTHNESS,4,NONE,SYMMETRIC_1.5,19.47,-13.18,-25.2,0.7,10.04,52.3,0.82,37.96,25.72,33.16,25.7,0.83,1.2,20.0,59.2
SW_058,SW_058: MULTI_LOOKBACK | 10Slots | AGGRESSIVE | SYMMETRIC_1.,MULTI_LOOKBACK,10,AGGRESSIVE_75,SYMMETRIC_1.5,19.47,-16.46,-30.9,0.66,10.1,52.7,0.89,47.97,26.03,33.47,26.0,0.79,1.25,14.8,60.8
SW_086,SW_086: CLENOW_SMOOTHN | 6Slots | AGGRESSIVE | THREE_TIER_S,CLENOW_SMOOTHNESS,6,AGGRESSIVE_75,THREE_TIER_SCALE,19.26,1.13,2.3,0.69,2.76,12.7,0.64,49.29,20.88,28.32,20.9,0.81,1.29,11.1,61.0
SW_066,SW_066: CLENOW_SMOOTHN | 4Slots | LIVERMORE_ | THREE_TIER_S,CLENOW_SMOOTHNESS,4,LIVERMORE_50,THREE_TIER_SCALE,19.23,-4.33,-8.7,0.51,4.2,19.8,0.79,41.02,27.51,34.94,27.5,0.83,1.33,13.3,61.6
SW_089,SW_089: CLENOW_SMOOTHN | 6Slots | AGGRESSIVE | ASYMMETRIC_2,CLENOW_SMOOTHNESS,6,AGGRESSIVE_75,ASYMMETRIC_2.0,19.12,6.38,13.5,0.77,1.48,6.7,0.61,30.5,28.41,35.84,28.4,0.9,1.38,11.6,60.1
SW_022,SW_022: MULTI_LOOKBACK | 6Slots | LIVERMORE_ | REGIME_ADAPT,MULTI_LOOKBACK,6,LIVERMORE_50,REGIME_ADAPTIVE,19.08,-14.39,-27.3,0.61,9.91,51.5,0.69,44.86,15.66,23.09,15.7,0.77,1.17,18.5,60.9
SW_038,SW_038: MULTI_LOOKBACK | 8Slots | LIVERMORE_ | SYMMETRIC_1.,MULTI_LOOKBACK,8,LIVERMORE_50,SYMMETRIC_1.5,18.62,-20.27,-37.1,0.61,12.78,69.7,0.91,37.93,14.4,21.83,14.4,0.75,1.12,24.6,60.4
SW_053,SW_053: MULTI_LOOKBACK | 10Slots | LIVERMORE_ | SYMMETRIC_1.,MULTI_LOOKBACK,10,LIVERMORE_50,SYMMETRIC_1.5,18.62,-19.13,-35.3,0.63,11.24,59.7,0.93,42.23,24.71,32.14,24.7,0.78,1.23,15.9,61.2
SW_091,SW_091: CLENOW_SMOOTHN | 8Slots | NONE | THREE_TIER_S,CLENOW_SMOOTHNESS,8,NONE,THREE_TIER_SCALE,18.04,-9.43,-18.4,0.71,7.72,38.7,0.93,42.08,20.12,27.55,20.1,0.88,1.24,9.5,58.4
SW_099,SW_099: CLENOW_SMOOTHN | 8Slots | LIVERMORE_ | ASYMMETRIC_2,CLENOW_SMOOTHNESS,8,LIVERMORE_50,ASYMMETRIC_2.0,17.55,-6.45,-12.8,0.65,6.22,30.4,0.92,38.95,23.21,30.65,23.2,0.91,1.26,10.4,58.1
SW_035,SW_035: MULTI_LOOKBACK | 8Slots | NONE | CHANDELIER_R,MULTI_LOOKBACK,8,NONE,CHANDELIER_RUNNER,17.37,-17.3,-32.3,0.69,10.71,56.4,0.81,39.73,20.37,27.8,20.4,0.79,1.2,16.8,60.5
SW_027,SW_027: MULTI_LOOKBACK | 6Slots | AGGRESSIVE | REGIME_ADAPT,MULTI_LOOKBACK,6,AGGRESSIVE_75,REGIME_ADAPTIVE,17.24,-15.59,-29.4,0.62,10.55,55.4,0.58,41.13,7.02,14.45,7.0,0.65,1.07,17.6,62.2
SW_043,SW_043: MULTI_LOOKBACK | 8Slots | AGGRESSIVE | SYMMETRIC_1.,MULTI_LOOKBACK,8,AGGRESSIVE_75,SYMMETRIC_1.5,17.02,-21.54,-39.2,0.61,12.43,67.4,0.9,33.09,17.03,24.47,17.0,0.78,1.15,23.8,60.0
SW_012,SW_012: MULTI_LOOKBACK | 4Slots | AGGRESSIVE | REGIME_ADAPT,MULTI_LOOKBACK,4,AGGRESSIVE_75,REGIME_ADAPTIVE,16.97,-15.92,-29.9,0.68,12.48,67.8,0.8,26.6,3.16,10.6,3.2,0.72,1.02,17.0,60.1
SW_083,SW_083: CLENOW_SMOOTHN | 6Slots | LIVERMORE_ | SYMMETRIC_1.,CLENOW_SMOOTHNESS,6,LIVERMORE_50,SYMMETRIC_1.5,16.6,-2.94,-5.9,0.54,6.55,32.2,0.76,21.57,25.18,32.62,25.2,0.81,1.29,10.2,61.3
SW_079,SW_079: CLENOW_SMOOTHN | 6Slots | NONE | ASYMMETRIC_2,CLENOW_SMOOTHNESS,6,NONE,ASYMMETRIC_2.0,16.06,-7.75,-15.2,0.67,4.59,21.8,0.81,47.96,19.41,26.84,19.4,0.9,1.18,11.7,56.7
SW_050,SW_050: MULTI_LOOKBACK | 10Slots | NONE | CHANDELIER_R,MULTI_LOOKBACK,10,NONE,CHANDELIER_RUNNER,16.0,-15.1,-28.5,0.71,8.65,44.0,0.94,43.04,20.71,28.14,20.7,0.83,1.2,17.2,58.8
SW_082,SW_082: CLENOW_SMOOTHN | 6Slots | LIVERMORE_ | REGIME_ADAPT,CLENOW_SMOOTHNESS,6,LIVERMORE_50,REGIME_ADAPTIVE,15.78,-0.32,-0.7,0.65,4.49,21.3,0.76,22.96,23.54,30.97,23.5,0.85,1.3,12.2,60.5
SW_094,SW_094: CLENOW_SMOOTHN | 8Slots | NONE | ASYMMETRIC_2,CLENOW_SMOOTHNESS,8,NONE,ASYMMETRIC_2.0,15.72,-10.15,-19.7,0.7,6.12,29.9,0.9,46.04,18.53,25.96,18.5,0.92,1.2,8.7,56.5
SW_073,SW_073: CLENOW_SMOOTHN | 4Slots | AGGRESSIVE | SYMMETRIC_1.,CLENOW_SMOOTHNESS,4,AGGRESSIVE_75,SYMMETRIC_1.5,15.54,0.53,1.1,0.55,4.75,22.6,0.8,19.87,18.33,25.76,18.3,0.75,1.19,16.9,60.9
SW_068,SW_068: CLENOW_SMOOTHN | 4Slots | LIVERMORE_ | SYMMETRIC_1.,CLENOW_SMOOTHNESS,4,LIVERMORE_50,SYMMETRIC_1.5,15.37,-5.9,-11.7,0.49,6.1,29.7,0.84,32.34,14.52,21.95,14.5,0.77,1.14,15.9,60.7
SW_100,SW_100: CLENOW_SMOOTHN | 8Slots | LIVERMORE_ | CHANDELIER_R,CLENOW_SMOOTHNESS,8,LIVERMORE_50,CHANDELIER_RUNNER,15.35,-7.95,-15.6,0.66,6.15,30.0,0.73,40.11,14.98,22.41,15.0,0.74,1.17,11.1,61.5
SW_088,SW_088: CLENOW_SMOOTHN | 6Slots | AGGRESSIVE | SYMMETRIC_1.,CLENOW_SMOOTHNESS,6,AGGRESSIVE_75,SYMMETRIC_1.5,15.16,-2.34,-4.7,0.56,2.88,13.3,0.72,36.2,23.42,30.86,23.4,0.8,1.27,12.1,61.0
SW_071,SW_071: CLENOW_SMOOTHN | 4Slots | AGGRESSIVE | THREE_TIER_S,CLENOW_SMOOTHNESS,4,AGGRESSIVE_75,THREE_TIER_SCALE,15.1,-8.07,-15.8,0.6,3.83,18.0,0.84,37.56,25.23,32.66,25.2,0.84,1.29,14.2,59.9
SW_098,SW_098: CLENOW_SMOOTHN | 8Slots | LIVERMORE_ | SYMMETRIC_1.,CLENOW_SMOOTHNESS,8,LIVERMORE_50,SYMMETRIC_1.5,14.75,-11.89,-22.9,0.6,7.04,34.9,0.85,40.34,17.16,24.59,17.2,0.81,1.17,10.3,59.1
SW_097,SW_097: CLENOW_SMOOTHN | 8Slots | LIVERMORE_ | REGIME_ADAPT,CLENOW_SMOOTHNESS,8,LIVERMORE_50,REGIME_ADAPTIVE,14.69,-6.49,-12.9,0.71,4.84,23.1,0.81,35.53,22.84,30.27,22.8,0.85,1.25,11.1,59.7
SW_061,SW_061: CLENOW_SMOOTHN | 4Slots | NONE | THREE_TIER_S,CLENOW_SMOOTHNESS,4,NONE,THREE_TIER_SCALE,14.13,-14.32,-27.1,0.71,6.49,31.9,0.81,32.69,23.42,30.85,23.4,0.91,1.24,17.7,57.7
SW_087,SW_087: CLENOW_SMOOTHN | 6Slots | AGGRESSIVE | REGIME_ADAPT,CLENOW_SMOOTHNESS,6,AGGRESSIVE_75,REGIME_ADAPTIVE,13.9,2.84,5.9,0.85,1.19,5.4,0.6,24.77,22.59,30.02,22.6,0.8,1.3,13.8,60.4
SW_055,SW_055: MULTI_LOOKBACK | 10Slots | LIVERMORE_ | CHANDELIER_R,MULTI_LOOKBACK,10,LIVERMORE_50,CHANDELIER_RUNNER,13.79,-15.42,-29.1,0.69,5.71,27.7,0.8,53.03,20.08,27.51,20.1,0.81,1.21,17.1,60.0
SW_078,SW_078: CLENOW_SMOOTHN | 6Slots | NONE | SYMMETRIC_1.,CLENOW_SMOOTHNESS,6,NONE,SYMMETRIC_1.5,12.85,-10.23,-19.9,0.64,4.28,20.2,0.79,41.53,21.54,28.97,21.5,0.84,1.18,11.4,58.3
SW_040,SW_040: MULTI_LOOKBACK | 8Slots | LIVERMORE_ | CHANDELIER_R,MULTI_LOOKBACK,8,LIVERMORE_50,CHANDELIER_RUNNER,12.7,-15.1,-28.5,0.72,6.39,31.3,0.77,47.51,9.75,17.18,9.8,0.75,1.08,24.0,59.1
SW_093,SW_093: CLENOW_SMOOTHN | 8Slots | NONE | SYMMETRIC_1.,CLENOW_SMOOTHNESS,8,NONE,SYMMETRIC_1.5,12.57,-12.05,-23.1,0.67,5.83,28.3,0.84,37.57,19.35,26.78,19.4,0.85,1.18,8.6,58.1
SW_075,SW_075: CLENOW_SMOOTHN | 4Slots | AGGRESSIVE | CHANDELIER_R,CLENOW_SMOOTHNESS,4,AGGRESSIVE_75,CHANDELIER_RUNNER,12.53,-3.51,-7.1,0.63,2.49,11.4,0.67,29.83,14.41,21.84,14.4,0.7,1.19,16.1,61.6
SW_067,SW_067: CLENOW_SMOOTHN | 4Slots | LIVERMORE_ | REGIME_ADAPT,CLENOW_SMOOTHNESS,4,LIVERMORE_50,REGIME_ADAPTIVE,12.17,3.15,6.6,0.63,0.69,3.1,0.74,28.5,6.78,14.21,6.8,0.8,1.06,16.5,57.2
SW_095,SW_095: CLENOW_SMOOTHN | 8Slots | NONE | CHANDELIER_R,CLENOW_SMOOTHNESS,8,NONE,CHANDELIER_RUNNER,12.15,-10.38,-20.1,0.73,4.1,19.3,0.77,42.78,17.89,25.32,17.9,0.83,1.2,9.1,59.2
SW_076,SW_076: CLENOW_SMOOTHN | 6Slots | NONE | THREE_TIER_S,CLENOW_SMOOTHNESS,6,NONE,THREE_TIER_SCALE,11.74,-7.55,-14.9,0.66,2.35,10.8,0.88,39.26,15.92,23.35,15.9,0.92,1.16,12.8,55.8
SW_065,SW_065: CLENOW_SMOOTHN | 4Slots | NONE | CHANDELIER_R,CLENOW_SMOOTHNESS,4,NONE,CHANDELIER_RUNNER,11.68,-9.16,-17.9,0.75,3.5,16.3,0.7,40.49,14.3,21.74,14.3,0.77,1.11,19.9,59.3
SW_092,SW_092: CLENOW_SMOOTHN | 8Slots | NONE | REGIME_ADAPT,CLENOW_SMOOTHNESS,8,NONE,REGIME_ADAPTIVE,11.48,-10.12,-19.7,0.72,3.42,15.9,0.81,43.25,17.94,25.38,17.9,0.84,1.19,8.9,58.7
SW_090,SW_090: CLENOW_SMOOTHN | 6Slots | AGGRESSIVE | CHANDELIER_R,CLENOW_SMOOTHNESS,6,AGGRESSIVE_75,CHANDELIER_RUNNER,11.18,-1.15,-2.4,0.74,2.48,11.4,0.58,18.25,17.42,24.85,17.4,0.77,1.23,14.4,61.2
SW_077,SW_077: CLENOW_SMOOTHN | 6Slots | NONE | REGIME_ADAPT,CLENOW_SMOOTHNESS,6,NONE,REGIME_ADAPTIVE,10.82,-8.5,-16.6,0.68,2.16,9.8,0.78,40.24,21.47,28.9,21.5,0.86,1.21,12.0,58.6
SW_072,SW_072: CLENOW_SMOOTHN | 4Slots | AGGRESSIVE | REGIME_ADAPT,CLENOW_SMOOTHNESS,4,AGGRESSIVE_75,REGIME_ADAPTIVE,10.36,3.72,7.8,0.88,-0.64,-2.8,0.71,23.24,5.62,13.06,5.6,0.75,1.06,19.5,58.2
SW_062,SW_062: CLENOW_SMOOTHN | 4Slots | NONE | REGIME_ADAPT,CLENOW_SMOOTHNESS,4,NONE,REGIME_ADAPTIVE,9.81,-11.27,-21.8,0.74,2.26,10.3,0.76,37.04,18.94,26.37,18.9,0.83,1.17,19.3,58.7
SW_085,SW_085: CLENOW_SMOOTHN | 6Slots | LIVERMORE_ | CHANDELIER_R,CLENOW_SMOOTHNESS,6,LIVERMORE_50,CHANDELIER_RUNNER,8.66,-3.55,-7.1,0.57,2.21,10.1,0.76,17.62,10.39,17.82,10.4,0.77,1.12,14.1,59.7
SW_070,SW_070: CLENOW_SMOOTHN | 4Slots | LIVERMORE_ | CHANDELIER_R,CLENOW_SMOOTHNESS,4,LIVERMORE_50,CHANDELIER_RUNNER,8.62,-0.47,-1.0,0.62,-0.17,-0.7,0.77,21.83,13.82,21.25,13.8,0.73,1.16,16.2,61.2
SW_080,SW_080: CLENOW_SMOOTHN | 6Slots | NONE | CHANDELIER_R,CLENOW_SMOOTHNESS,6,NONE,CHANDELIER_RUNNER,6.15,-9.13,-17.8,0.68,-0.43,-1.9,0.76,33.51,16.69,24.12,16.7,0.8,1.16,12.1,59.4
